hashtag_name;user_id
Rockets;1
Protesting;1
Frisbee Golf – Frolf;1
Becoming A Child Advocate;1
Soccer;1
Collecting Sports Cards (Baseball, Football, Basketball, Hockey);1
Scuba Diving;1
Boomerangs;2
Wrestling;2
Wingsuit Flying;2
Swimming;2
Woodworking;2
Snowboarding;2
Lacrosse;2
Hiking;3
Pyrotechnics;3
TV watching;3
Painting;3
Compose Music;3
Guitar;4
Birding;4
Ziplining;4
Knotting;4
Butterfly Watching;4
Freshwater Aquariums;4
Storm Chasing;4
Ceramics;4
Pole Dancing;4
Iceskating;5
Locksport;5
Cooking;5
Impersonations;5
Crossword Puzzles;5
Bringing Food To The Disabled;5
Baseball;5
Marksmanship;5
Pyrotechnics;5
Crafts;6
Skiing;6
Snorkeling;6
Surfing;6
World Record Breaking;6
Aquarium (Freshwater & Saltwater);6
Cave Diving;6
Skiing;6
Cheerleading;7
Model Rockets;7
Zumba;7
Garage Saleing;7
Woodworking;7
Inventing;7
Blacksmithing;8
Cartooning;8
Collecting Artwork;8
Freshwater Aquariums;8
Inventing;8
Woodworking;8
Model Rockets;9
Hunting;9
Aeromodeling;9
Snorkeling;9
Texting;9
Blacksmithing;9
Fishing;9
Base Jumping;9
Spelunkering;9
Rocking AIDS Babies;9
Warhammer;10
Parachuting;10
Skeet Shooting;10
Learn to Play Poker;10
Crossword Puzzles;10
Playing team sports;10
Tombstone Rubbing;11
Crafts (unspecified);11
Papermaking;11
Martial Arts;11
Electronics;11
BoardGames;11
Grip Strength;13
Weather Watcher;13
Badminton;13
Marksmanship;13
Rockets;13
Jewelry Making;14
Piano;15
Reading;15
Photography;15
Hiking;16
BMX;16
Train Spotting;16
Darts;16
Matchstick Modeling;16
Amateur Radio;16
Puppetry;16
Lacrosse;16
Tool Collecting;16
Snorkeling;18
Four Wheeling;18
Rescuing Abused Or Abandoned Animals;19
Cake Decorating;20
Lawn Darts;20
Rescuing Abused Or Abandoned Animals;20
Butterfly Watching;20
Beadwork;20
R/C Helicopters;20
Train Collecting;20
World Record Breaking;21
Crafts (unspecified);21
Tatting;21
Fast cars;22
Gyotaku;22
Impersonations;22
Astronomy;22
Collecting Music Albums;22
Leathercrafting;22
Amateur Radio;22
Bird watching;23
Ultimate Frisbee;23
Tea Tasting;23
Dolls;24
Modeling Ships;24
Martial Arts;24
Legos;24
Photography;24
Falconry;25
Blogging;25
Sleeping;25
Mountain Climbing;25
Dumpster Diving;25
Lawn Darts;25
Gunsmithing;25
Animals/pets/dogs;25
Collecting Sports Cards (Baseball, Football, Basketball, Hockey);25
Church/church activities;25
Lacrosse;26
Darts;26
Pottery;26
Bonsai Tree;26
Singing In Choir;26
Body Building;26
Juggling;26
Geocaching;26
Illusion;26
Violin;26
Games;26
Cake Decorating;28
Marksmanship;28
Sketching;28
Ziplining;28
Building A House For Habitat For Humanity;28
Marksmanship;28
Locksport;28
Train Collecting;28
Collecting Swords;28
Mountain Biking;28
Birding;28
Reading To The Elderly;29
Listening to music;29
Gardening;29
Button Collecting;29
Writing;29
Model Railroading;29
Falconry;29
Rapping;29
Windsurfing;29
Blacksmithing;29
Writing Music;29
Juggling;30
Yoga;30
Crafts (unspecified);31
Bell Ringing;31
Macramé;32
Singing In Choir;32
Violin;33
Tutoring Children;33
Hula Hooping;33
Quilting;34
Robotics;34
Pipe Smoking;34
Learning A Foreign Language;34
Video Games;34
Ceramics;34
Felting;34
Boomerangs;34
Kite Boarding;34
Aeromodeling;35
Blogging;35
Blacksmithing;35
Compose Music;35
Blogging;35
Letterboxing;35
Learning A Foreign Language;35
Piano;35
Bicycle Polo;35
String Figures;35
Tatting;35
Darts;37
Crafts;37
Bird watching;37
Paragliding or Power Paragliding;37
Animals/pets/dogs;37
Jet Engines;37
Tatting;37
Walking;37
Mountain Climbing;37
Papermache;37
Guitar;38
Electronics;38
Kites;38
Playing music;38
Geocaching;38
Gunsmithing;38
Rock Collecting;38
Football;39
Blogging;39
Kites;40
Dolls;40
Crochet;41
Meditation;41
Blogging;41
Gunsmithing;41
Crochet;41
Collecting Antiques;41
Puppetry;41
Coloring;41
Playing team sports;41
Hot air ballooning;42
Knotting;42
R/C Boats;42
Tatting;42
Coin Collecting;43
Tetris;43
Beatboxing;44
Candle Making;44
Quilting;44
Sky Diving;47
Car Racing;47
Aquarium (Freshwater & Saltwater);47
Learning A Foreign Language;47
Entertaining;47
Go Kart Racing;47
Jump Roping;47
Soap Making;47
Embroidery;47
Treasure Hunting;47
Learning To Pilot A Plane;48
Working In A Food Pantry;48
Hunting;48
Frisbee Golf – Frolf;49
Cigar Smoking;49
Beadwork;49
Amateur Astronomy;49
Collecting Music Albums;49
Floral Arrangements;49
Tennis;49
Hunting;49
Conworlding;49
Handwriting Analysis;49
Car Racing;50
Reading;50
Train Spotting;50
Dumpster Diving;50
Football;50
Sleeping;50
Nail Art;50
Aeromodeling;50
Conworlding;50
Baseball;51
Gunsmithing;51
Herping;51
Bridge Building;51
Rafting;51
Model Railroading;51
Inventing;51
Go Kart Racing;51
Cross-Stitch;51
String Figures;51
Conworlding;51
Owning An Antique Car;52
Skiing;52
Gardening;52
Beach/Sun tanning;52
Painting;52
Coin Collecting;52
Needlepoint;52
Herping;52
Knotting;53
Bicycle Polo;53
Bowling;53
Storm Chasing;53
Modeling Ships;53
Kites;53
Renaissance Faire;53
Modeling Ships;53
Writing;53
Button Collecting;53
Bookbinding;55
Pipe Smoking;55
Butterfly Watching;55
Protesting;56
Weather Watcher;56
Violin;56
Weather Watcher;56
Four Wheeling;56
Badminton;57
Spelunkering;58
Dodgeball;58
Birding;58
Beach/Sun tanning;58
Bookbinding;58
Soap Making;59
Church/church activities;59
Grip Strength;59
Lacrosse;59
Drawing;59
Writing;59
Playing team sports;59
Storm Chasing;59
Scuba Diving;59
Motorcycles;59
Collecting Swords;59
Airsofting;60
Collecting Antiques;60
Ultimate Frisbee;60
Collecting Hats;60
Martial Arts;60
Amateur Radio;60
Bicycling;60
Ceramics;60
Juggling;60
Nail Art;60
Animals/pets/dogs;61
Airbrushing;61
R/C Cars;61
Making Model Cars;61
Games;61
Sand Castles;61
Collecting Artwork;61
Floorball;61
Internet;61
Bicycling;62
Jet Engines;62
Running;62
Cheerleading;62
Speed Cubing (rubix cube);62
Learning An Instrument;62
Learning An Instrument;62
Cosplay;63
Candle Making;63
Powerboking;63
Playing team sports;64
Dancing;64
Bookbinding;64
Weightlifting;64
Owning An Antique Car;64
Taxidermy;65
R/C Planes;65
Snorkeling;65
Photography;65
Snowboarding;65
Geocaching;65
Robotics;65
Candle Making;66
Cake Decorating;66
Train Spotting;66
Playing music;67
Macramé;67
Rock Collecting;67
Skiing;67
Internet;67
Rock Collecting;67
BMX;68
Pottery;68
Football;68
Microscopy;68
Boomerangs;68
Floral Arrangements;68
Spelunkering;68
Microscopy;69
Spelunkering;70
Ceramics;70
Papermaking;70
Arts;70
Needlepoint;70
Rockets;70
Crossword Puzzles;70
Lawn Darts;70
Swimming;70
Collecting Hats;70
BMX;71
Yoga;71
Fencing;71
Becoming A Child Advocate;71
Writing Music;71
Windsurfing;71
Blacksmithing;71
Ceramics;71
Computer activities;71
Tool Collecting;71
Gardening;72
Cake Decorating;72
Kitchen Chemistry;72
Letterboxing;72
Cake Decorating;72
Crochet;72
Zumba;72
Collecting Hats;73
Treasure Hunting;73
Storm Chasing;73
Calligraphy;73
Musical Instruments;73
Compose Music;73
Cooking;74
Embroidery;74
Animals/pets/dogs;74
Impersonations;75
Making Model Cars;76
Building Dollhouses;76
Learning A Foreign Language;76
Dolls;76
Kite Boarding;76
Bookbinding;76
Tesla Coils;76
Running;76
Digital Photography;76
Legos;76
Home Brewing;76
Woodworking;77
Church/church activities;77
Swimming;77
Pyrotechnics;77
Baseball;77
Iceskating;78
Powerboking;78
Hang gliding;78
Bowling;78
World Record Breaking;78
Rocking AIDS Babies;78
Robotics;78
Surf Fishing;78
Model Railroading;78
Exercise (aerobics, weights);78
Hang gliding;80
Racing Pigeons;80
Collecting Artwork;80
Bicycle Polo;80
Surfing;80
Paintball;80
Football;80
Football;80
Train Spotting;80
Macramé;80
Sand Castles;81
Backgammon;81
Bicycle Polo;81
Taxidermy;81
Railfans;81
Collecting RPM Records;82
Tennis;83
Model Rockets;84
Collecting Artwork;84
Spending time with family/kids;84
Skiing;84
Kite Boarding;84
Cheerleading;84
Arts;85
BoardGames;85
Renaissance Faire;85
Pottery;86
Button Collecting;86
Ghost Hunting;86
Coloring;86
Working In A Food Pantry;86
Becoming A Child Advocate;86
Owning An Antique Car;87
Geocaching;87
Bonsai Tree;87
Socializing with friends/neighbors;87
Exercise (aerobics, weights);87
Archery;88
Embroidery;89
Button Collecting;89
Weightlifting;89
Horse riding;89
Crochet;90
Scrapbooking;90
Tesla Coils;91
Gyotaku;91
Airbrushing;91
Crafts;91
Astronomy;92
Toy Collecting;92
Fencing;92
Floral Arrangements;92
Reading To The Elderly;92
Ceramics;92
Learning A Foreign Language;92
Falconry;92
Speed Cubing (rubix cube);92
Cosplay;93
Ghost Hunting;93
Rock Collecting;94
Floral Arrangements;94
Golf;94
Sand Castles;94
Taxidermy;94
Wingsuit Flying;94
Crafts (unspecified);94
Saltwater Aquariums;94
Cartooning;94
Brewing Beer;95
Freshwater Aquariums;95
Pipe Smoking;95
Running;96
People Watching;96
Making Model Cars;96
Drawing;96
Animals/pets/dogs;96
Dodgeball;96
Planking;96
Bowling;96
Marksmanship;96
Watching sporting events;96
Entertaining;97
Reading To The Elderly;97
Arts;97
Rapping;97
Candle Making;97
Textiles;97
Gymnastics;97
Gymnastics;97
Matchstick Modeling;97
Ultimate Frisbee;97
Pole Dancing;97
Texting;98
Iceskating;98
Pinochle;98
Collecting Sports Cards (Baseball, Football, Basketball, Hockey);98
Working In A Food Pantry;98
Tennis;98
Sewing;98
Crochet;98
Tea Tasting;98
Papermache;99
Exercise (aerobics, weights);99
Puppetry;99
Pole Dancing;99
Belly Dancing;99
Piano;99
People Watching;99
Fencing;100
Fly Tying;100
Tea Tasting;100
Sketching;100
Dolls;102
Papermache;102
Collecting Swords;102
Aquarium (Freshwater & Saltwater);102
Reading To The Elderly;103
Rescuing Abused Or Abandoned Animals;103
Piano;103
Quilting;103
Surfing;103
Darts;103
Grip Strength;103
R/C Planes;103
Button Collecting;103
Weightlifting;103
Electronics;103
Astronomy;104
Button Collecting;104
Car Racing;104
Swimming;104
Leathercrafting;106
Canoeing;106
Freshwater Aquariums;106
Cooking;106
Self Defense;106
Skeet Shooting;106
Model Rockets;106
Lawn Darts;107
String Figures;107
Storm Chasing;107
Soap Making;107
Nail Art;107
Becoming A Child Advocate;107
Renting movies;107
Texting;107
Cartooning;107
Writing Songs;107
Building Dollhouses;107
Quilting;108
Skeet Shooting;108
Letterboxing;108
Ultimate Frisbee;108
Saltwater Aquariums;108
Canoeing;108
Collecting Antiques;108
Boomerangs;108
Racing Pigeons;109
Cooking;109
Falconry;109
Martial Arts;109
Floral Arrangements;109
Learning An Instrument;109
Hiking;109
Musical Instruments;110
Home Theater;110
Locksport;110
Backgammon;110
Gun Collecting;111
Gymnastics;111
Running;111
Storytelling;111
Drawing;111
Rafting;111
Modeling Ships;111
Tool Collecting;111
Origami;112
Crocheting;112
Papermaking;112
Astronomy;112
Tool Collecting;112
Tennis;112
Slack Lining;112
Fire Poi;112
Kite Boarding;112
Home Brewing;112
Swimming;114
Tesla Coils;115
Internet;115
Cloud Watching;115
Model Rockets;115
Collecting Music Albums;115
Drawing;115
Shopping;115
Iceskating;116
R/C Planes;116
Coloring;116
Becoming A Child Advocate;116
Slot Car Racing;116
Blogging;116
Exercise (aerobics, weights);116
Crocheting;116
Surfing;117
Lacrosse;117
Educational Courses;117
Locksport;117
Collecting;117
Letterboxing;117
Cheerleading;117
Hula Hooping;117
Gymnastics;117
Kite Boarding;117
Sewing;118
Collecting RPM Records;118
Violin;118
Pyrotechnics;118
Railfans;119
Slingshots;119
Astronomy;119
Kayaking;119
Herping;119
Bicycling;119
Falconry;119
Dolls;119
Rock Collecting;119
R/C Cars;119
Weightlifting;120
Coin Collecting;120
Self Defense;120
Beatboxing;120
Cooking;120
Handwriting Analysis;120
Model Rockets;121
Model Rockets;121
Watching sporting events;121
Digital Photography;121
Herping;121
Felting;121
Brewing Beer;121
Magic;123
Lacrosse;123
Rocking AIDS Babies;123
Impersonations;123
Collecting Sports Cards (Baseball, Football, Basketball, Hockey);123
Basketball;123
Airbrushing;123
Aircraft Spotting;124
Urban Exploration;124
Gunsmithing;124
Pole Dancing;124
Wrestling;124
Papermache;125
Meditation;125
Parachuting;125
Weightlifting;125
Spelunkering;126
Canoeing;126
Baseball;126
Glowsticking;126
Fly Tying;126
Calligraphy;126
Sleeping;126
Car Racing;126
Rockets;127
Trekkie;127
Fishing;127
Soccer;128
Bringing Food To The Disabled;128
BoardGames;128
Cartooning;128
Floorball;128
YoYo;128
Computer activities;128
Kayaking;128
Letterboxing;128
Making Model Cars;130
Bowling;130
Train Spotting;131
Urban Exploration;131
Video Games;131
Dumpster Diving;131
Woodworking;131
Urban Exploration;131
Hunting;131
Surf Fishing;131
Blogging;131
Hiking;131
Taxidermy;132
Camping;132
Collecting;132
Working on cars;132
Tatting;132
Crossword Puzzles;132
Acting;132
Fly Tying;132
Amateur Astronomy;132
Learning An Instrument;132
Modeling Ships;133
Grip Strength;133
Sewing;133
Working on cars;133
Badminton;133
Quilting;133
Dominoes;133
Skateboarding;133
Juggling;133
R/C Helicopters;133
Tatting;134
Piano;134
Walking;134
Crafts;134
Airsofting;134
Relaxing;134
Tatting;134
Sleeping;135
Fly Tying;135
Skateboarding;135
Sand Castles;135
Sketching;135
Rafting;135
Baseball;135
Survival;135
Falconry;135
Learning A Foreign Language;135
Papermache;136
Crafts;136
Bicycling;136
Entertaining;137
Locksport;137
Building A House For Habitat For Humanity;137
Shopping;137
Mountain Biking;137
Microscopy;137
Metal Detecting;137
Reading To The Elderly;137
Parachuting;137
Sewing;138
Go Kart Racing;139
Planking;139
Jewelry Making;139
Computer activities;139
Handwriting Analysis;139
Crocheting;139
Sketching;139
Guitar;140
Railfans;140
Exercise (aerobics, weights);140
Tea Tasting;140
Becoming A Child Advocate;140
Internet;140
Gnoming;140
Tool Collecting;140
Parkour;140
Becoming A Child Advocate;140
Diecast Collectibles;140
Cartooning;141
Geocaching;141
Slingshots;141
Quilting;141
Lacrosse;141
Mountain Biking;141
Coin Collecting;141
Sand Castles;141
Rockets;141
Blacksmithing;143
Jewelry Making;143
Violin;143
Swimming;144
Backgammon;144
Crafts (unspecified);144
Embroidery;144
Rock Collecting;144
Tatting;145
Cheerleading;145
Cross-Stitch;146
Storytelling;146
Urban Exploration;146
Base Jumping;146
Stamp Collecting;146
Camping;146
Inventing;146
Hunting;146
Cigar Smoking;146
Working on cars;146
Birding;146
Listening to music;147
Beachcombing;147
Airbrushing;147
Fishing;147
Wrestling;147
Darts;148
Ghost Hunting;148
Train Collecting;148
Games;148
Zumba;148
Pyrotechnics;149
Becoming A Child Advocate;149
Wine Making;150
BMX;150
Jet Engines;150
Blacksmithing;150
Crossword Puzzles;150
Mountain Climbing;150
Jewelry Making;150
Learn to Play Poker;150
Painting;150
Dolls;150
R/C Boats;151
Cosplay;151
Soccer;151
Collecting Swords;151
Rapping;151
Football;151
Going to movies;151
Warhammer;151
Urban Exploration;151
Belly Dancing;152
Lawn Darts;152
World Record Breaking;152
Planking;152
Coloring;152
Fishing;152
Electronics;152
Candle Making;152
Electronics;152
R/C Boats;152
Renting movies;152
Arts;153
Glowsticking;153
Parkour;153
Crafts;153
TV watching;153
Volunteer;153
Magic;153
Go Kart Racing;154
Garage Saleing;154
Jewelry Making;154
Learning To Pilot A Plane;154
Bird watching;154
Felting;154
Speed Cubing (rubix cube);156
Football;156
Rapping;157
Trekkie;157
Skateboarding;157
Crocheting;157
Gyotaku;157
Drawing;157
Owning An Antique Car;157
Kites;157
Eating out;158
R/C Cars;158
Crochet;158
Parachuting;158
Calligraphy;158
Herping;158
Going to movies;159
Crocheting;159
Iceskating;159
Kayaking;159
Hiking;159
Arts;159
Camping;160
Beach/Sun tanning;160
Writing Music;160
Macramé;161
Surf Fishing;161
Train Spotting;161
Tombstone Rubbing;161
Button Collecting;161
Digital Photography;161
Collecting Antiques;161
Astrology;161
Pinochle;162
Sewing;162
Inventing;162
Frisbee Golf – Frolf;162
Volunteer;162
Papermaking;162
R/C Helicopters;162
Cigar Smoking;162
Collecting Hats;162
Slingshots;162
Tool Collecting;163
Darts;163
Shark Fishing;163
Survival;166
Collecting Sports Cards (Baseball, Football, Basketball, Hockey);166
Tennis;166
Renaissance Faire;166
Watching sporting events;166
Lawn Darts;166
Taxidermy;166
Cartooning;166
Computer activities;166
Astrology;167
Ziplining;167
R/C Helicopters;167
Pole Dancing;167
R/C Planes;167
Yoga;167
Magic;167
Video Games;167
Gardening;167
Dolls;167
Crafts;167
Educational Courses;168
Wingsuit Flying;169
Inventing;169
Walking;169
Cloud Watching;169
Spelunkering;169
Reading;169
Owning An Antique Car;169
Legos;169
Papermache;169
Collecting Hats;169
Wingsuit Flying;170
Writing Music;170
World Record Breaking;170
Meditation;170
String Figures;170
Car Racing;170
Inventing;170
Gyotaku;170
Felting;171
Brewing Beer;171
Canoeing;171
Railfans;171
Beachcombing;171
Birding;171
Woodworking;171
Astrology;171
Saltwater Aquariums;171
Keep A Journal;171
Butterfly Watching;172
Internet;172
Baseball;172
Working on cars;173
Herping;173
Spelunkering;173
Games;173
Reading To The Elderly;173
Beachcombing;173
Gnoming;173
Soap Making;173
Mountain Climbing;173
Airbrushing;173
Wine Making;174
Building Dollhouses;174
Aeromodeling;174
Cheerleading;174
Arts;174
Learning To Pilot A Plane;174
Reading;174
Relaxing;174
Martial Arts;175
Four Wheeling;175
Genealogy;175
Freshwater Aquariums;176
Bonsai Tree;176
Surfing;176
Home Theater;176
Volunteer;176
Zumba;176
Gymnastics;176
Bringing Food To The Disabled;176
Butterfly Watching;177
Quilting;177
Coin Collecting;177
YoYo;177
Lawn Darts;177
Freshwater Aquariums;178
Windsurfing;178
Slingshots;178
World Record Breaking;178
Tutoring Children;178
Weightlifting;178
Skateboarding;178
Floorball;178
Embroidery;178
Cosplay;179
Bird watching;179
Crafts;179
Cigar Smoking;179
Racing Pigeons;179
Lacrosse;179
Sewing;180
Rockets;180
R/C Helicopters;180
R/C Helicopters;180
Embroidery;181
Walking;181
Cloud Watching;181
Robotics;181
Motorcycles;181
Models;181
R/C Planes;181
Survival;181
Mountain Biking;182
Beatboxing;182
Gnoming;182
Meditation;182
Hunting;182
Singing In Choir;182
Bookbinding;182
Garage Saleing;182
Beatboxing;182
Rockets;182
Crocheting;182
Skeet Shooting;183
Weather Watcher;183
Bird watching;183
Models;183
Fencing;183
Gymnastics;183
Scrapbooking;183
Knitting;183
Gymnastics;183
Sand Castles;183
Beadwork;185
Meditation;185
Tetris;185
Renting movies;185
Writing Music;185
Writing;185
Genealogy;185
Jewelry Making;186
Weightlifting;186
Pinochle;186
Internet;186
World Record Breaking;186
Entertaining;186
Learning To Pilot A Plane;186
Planking;186
Martial Arts;186
Games;186
Volunteer;187
Soap Making;187
Electronics;187
Gnoming;187
Cheerleading;187
Fast cars;188
Rescuing Abused Or Abandoned Animals;188
Boating;188
BoardGames;189
Belly Dancing;189
Railfans;189
Rafting;189
Illusion;189
Spelunkering;189
YoYo;189
Spelunkering;189
Matchstick Modeling;189
Dolls;189
Airsofting;190
Violin;190
Volunteer;191
Rafting;191
Home Theater;192
Marksmanship;192
Traveling;192
Casino Gambling;192
Fishing;192
Rapping;192
Bird watching;193
Sand Castles;193
Aeromodeling;193
Inventing;194
Letterboxing;194
Chess;194
Snowboarding;195
Renting movies;195
Bird watching;195
Tombstone Rubbing;195
Models;195
Slingshots;195
Hiking;195
Writing;195
Bonsai Tree;195
Bookbinding;195
Bringing Food To The Disabled;195
Mountain Climbing;196
Dumpster Diving;196
Learning To Pilot A Plane;196
Digital Photography;197
Metal Detecting;197
Slot Car Racing;197
Train Collecting;197
Urban Exploration;197
Kayaking;197
Skateboarding;197
Freshwater Aquariums;197
Traveling;197
Keep A Journal;197
Macramé;197
Slot Car Racing;198
Origami;198
Letterboxing;198
Collecting Artwork;198
Blogging;198
Slack Lining;198
Rockets;198
Writing Music;200
Skateboarding;200
Singing In Choir;200
Storytelling;200
Tool Collecting;200
Papermaking;200
People Watching;200
R/C Helicopters;200
Embroidery;200
Collecting;200
Collecting Antiques;200
Meditation;201
Home Repair;201
Rock Balancing;201
Models;201
Amateur Radio;202
Keep A Journal;202
Metal Detecting;202
Storm Chasing;202
Models;202
Gymnastics;202
Aircraft Spotting;202
Sleeping;202
Exercise (aerobics, weights);203
Running;203
Collecting Artwork;203
Woodworking;204
Textiles;204
Rapping;205
Bowling;205
Meditation;205
Tool Collecting;205
Bridge Building;205
Shark Fishing;205
Relaxing;205
Impersonations;205
Dominoes;206
Puppetry;206
Jet Engines;206
Rapping;206
Geocaching;206
Wrestling;206
Sand Castles;206
Jigsaw Puzzles;206
Dolls;206
Relaxing;207
Drawing;207
Herping;207
Basketball;207
Felting;207
Eating out;207
Rock Collecting;207
Video Games;208
Dolls;208
Gunsmithing;208
Amateur Astronomy;208
Diecast Collectibles;208
Bowling;208
Urban Exploration;209
Model Rockets;209
Crafts (unspecified);209
Tombstone Rubbing;210
Sewing;210
Bicycling;211
Golf;211
Building Dollhouses;212
Racing Pigeons;212
Felting;212
Renaissance Faire;212
Beadwork;212
Badminton;212
Knitting;212
Robotics;212
Coin Collecting;212
Quilting;212
Magic;214
Knitting;214
Gardening;214
Amateur Astronomy;214
Learning An Instrument;214
Jump Roping;214
Hiking;215
Astronomy;215
Knotting;215
Amateur Radio;216
Boomerangs;216
Swimming;216
Tennis;216
Macramé;216
Entertaining;216
Educational Courses;216
Going to movies;216
Gnoming;216
Herping;216
Beachcombing;217
Watching sporting events;217
Watching sporting events;217
Computer activities;218
People Watching;218
Archery;218
Lawn Darts;218
Animals/pets/dogs;218
Pottery;218
Crafts;218
Falconry;219
Chess;220
Cigar Smoking;221
Amateur Radio;221
Rockets;221
R/C Planes;221
Wingsuit Flying;221
Body Building;221
R/C Boats;221
R/C Planes;223
Model Rockets;223
Electronics;223
Dodgeball;223
Eating out;223
Tennis;223
Relaxing;223
Garage Saleing;224
Collecting;224
R/C Cars;224
Weightlifting;224
Making Model Cars;225
Traveling;225
R/C Planes;225
Soap Making;225
Cloud Watching;226
Collecting Music Albums;226
Listening to music;226
Amateur Astronomy;226
Aeromodeling;226
Home Theater;226
Rock Balancing;226
Calligraphy;226
Birding;227
Paragliding or Power Paragliding;227
Macramé;227
Tea Tasting;227
Train Collecting;227
BoardGames;227
Making Model Cars;227
Keep A Journal;227
People Watching;227
Belly Dancing;227
Musical Instruments;227
Falconry;228
Cloud Watching;228
Bowling;228
Church/church activities;228
R/C Helicopters;228
Collecting Artwork;229
Rocking AIDS Babies;229
Mountain Biking;229
Juggling;230
Eating out;230
Soap Making;230
Car Racing;230
Rock Balancing;230
Body Building;230
YoYo;230
Learning An Instrument;230
Dumpster Diving;230
Leathercrafting;230
Educational Courses;231
Rock Collecting;232
Traveling;232
Rock Balancing;232
Kite Boarding;232
Playing music;232
Dodgeball;232
Dominoes;232
Collecting Swords;232
Taxidermy;232
Photography;232
Building A House For Habitat For Humanity;232
Rock Balancing;233
BMX;233
Gun Collecting;233
Video Games;233
Running;233
Golf;233
Handwriting Analysis;233
Magic;233
Hunting;234
Horse riding;234
Rapping;234
Writing Songs;234
Casino Gambling;234
Renting movies;234
Railfans;235
Base Jumping;235
Astrology;235
Car Racing;235
Fire Poi;235
Fishing;235
Working on cars;235
Piano;235
People Watching;237
Beach/Sun tanning;237
Violin;238
Papermaking;238
Violin;238
Crafts (unspecified);238
Collecting Swords;238
Storytelling;238
Powerboking;238
Tombstone Rubbing;238
Models;238
Texting;240
Fishing;240
Tennis;240
Car Racing;240
Writing;240
Tetris;240
Entertaining;240
Wine Making;240
Kites;240
Gun Collecting;240
Writing;240
Watching sporting events;241
Mountain Climbing;241
Macramé;241
Cross-Stitch;241
Home Brewing;241
Illusion;241
Video Games;241
Writing Music;241
Scuba Diving;241
Collecting Antiques;242
Gymnastics;242
Educational Courses;243
Airbrushing;243
Piano;243
Arts;243
Mountain Climbing;243
Slingshots;243
Working In A Food Pantry;243
Windsurfing;243
Knitting;243
Dancing;243
Reading;244
Canoeing;245
Slot Car Racing;245
Lawn Darts;245
Mountain Biking;245
Hot air ballooning;245
Church/church activities;246
Birding;246
Pyrotechnics;246
Calligraphy;247
Crochet;247
Bird watching;247
Knotting;247
Tea Tasting;247
Wrestling;247
Coloring;247
Herping;248
Train Collecting;248
Bird watching;248
Garage Saleing;248
Protesting;248
Weather Watcher;248
Learning To Pilot A Plane;249
Football;250
YoYo;250
Airsofting;250
Needlepoint;250
Cosplay;250
Kitchen Chemistry;250
Papermaking;251
Bell Ringing;251
Zumba;251
Rafting;251
Birding;251
Jigsaw Puzzles;251
Geocaching;251
Acting;251
Games;251
Crocheting;251
Quilting;252
Body Building;252
Football;252
Rock Collecting;252
Running;252
Kite Boarding;252
Beachcombing;252
Church/church activities;252
Wingsuit Flying;252
Singing In Choir;253
Scuba Diving;253
Running;253
Embroidery;253
Self Defense;255
Pyrotechnics;255
Traveling;255
Impersonations;255
Airsofting;255
BoardGames;255
Skiing;255
R/C Helicopters;255
Listening to music;255
Rafting;255
Working In A Food Pantry;255
Scrapbooking;256
Casino Gambling;257
Watching sporting events;257
Chess;258
Parachuting;258
Speed Cubing (rubix cube);258
Sewing;258
Candle Making;258
Kayaking;258
Baseball;258
Meditation;259
Planking;259
Meditation;259
Listening to music;259
Beatboxing;259
Dolls;259
Shopping;259
Bringing Food To The Disabled;259
Shark Fishing;259
Dumpster Diving;260
Sleeping;260
Kitchen Chemistry;261
Slack Lining;261
Beadwork;261
Beadwork;261
Train Collecting;261
Locksport;261
Cave Diving;261
Collecting Sports Cards (Baseball, Football, Basketball, Hockey);261
Ceramics;261
Body Building;262
Iceskating;262
Treasure Hunting;262
Amateur Astronomy;262
Felting;262
Digital Photography;262
Home Theater;262
Martial Arts;262
Sewing;263
Writing;263
Skiing;263
Sewing;263
Cooking;263
Paragliding or Power Paragliding;263
Collecting Music Albums;263
BMX;263
Fencing;264
Watching sporting events;264
Canoeing;264
Crochet;264
Freshwater Aquariums;264
Sky Diving;264
Watching sporting events;264
Calligraphy;264
Storytelling;265
Racing Pigeons;265
Electronics;265
Storytelling;266
Making Model Cars;266
Sky Diving;266
Illusion;266
Modeling Ships;266
Papermaking;266
Bowling;266
Tetris;266
Bicycle Polo;266
Going to movies;267
Singing In Choir;267
Urban Exploration;267
Educational Courses;267
Violin;267
Dodgeball;267
Knotting;268
Marksmanship;268
Gyotaku;268
Gnoming;268
Genealogy;270
Nail Art;270
Digital Photography;270
Parachuting;271
Pottery;271
Treasure Hunting;271
Digital Photography;271
Darts;271
Glowsticking;271
Painting;271
Keep A Journal;271
Kites;272
Rock Collecting;272
Impersonations;273
Canoeing;273
Collecting Music Albums;273
Playing music;273
Exercise (aerobics, weights);273
Amateur Astronomy;273
Becoming A Child Advocate;273
Jigsaw Puzzles;273
Fire Poi;274
Pipe Smoking;274
Locksport;275
Hiking;275
Animals/pets/dogs;275
Home Theater;275
Playing team sports;275
Airsofting;275
Legos;275
Model Railroading;275
Digital Photography;275
Working on cars;276
R/C Helicopters;276
Keep A Journal;276
Rapping;276
Texting;276
Tutoring Children;276
Games;276
Shark Fishing;276
Cheerleading;276
Keep A Journal;277
Stamp Collecting;277
Handwriting Analysis;277
Mountain Biking;277
Ziplining;277
Guitar;277
Collecting Sports Cards (Baseball, Football, Basketball, Hockey);277
Hunting;277
Robotics;278
Painting;278
Sleeping;278
Tetris;278
Freshwater Aquariums;278
Treasure Hunting;279
Backgammon;279
Bicycle Polo;279
Walking;279
Boating;280
Zumba;280
Paintball;280
Hunting;280
Parkour;280
Sleeping;280
Rock Balancing;281
People Watching;281
Handwriting Analysis;281
Crocheting;281
Singing In Choir;281
Cloud Watching;281
Guitar;281
Papermache;282
Casino Gambling;282
World Record Breaking;282
Tatting;282
Jewelry Making;282
Handwriting Analysis;283
Fire Poi;283
Tool Collecting;283
Mountain Climbing;284
String Figures;284
Grip Strength;284
Tennis;285
Fencing;285
R/C Helicopters;285
Beachcombing;285
Kayaking;285
Kites;285
Storm Chasing;285
Cake Decorating;285
Tetris;286
Canoeing;286
Railfans;287
Pyrotechnics;288
Snowboarding;289
Hiking;289
Papermaking;290
Cheerleading;290
Relaxing;291
Cave Diving;292
Gun Collecting;292
Cheerleading;292
Glowsticking;292
Football;292
Legos;293
Collecting Swords;293
R/C Cars;293
R/C Cars;293
Go Kart Racing;293
Video Games;293
Legos;294
Animals/pets/dogs;295
Mountain Climbing;295
Cloud Watching;295
Tesla Coils;295
Skateboarding;295
Jigsaw Puzzles;296
Coin Collecting;296
Eating out;296
World Record Breaking;296
Roleplaying;296
Geocaching;296
Scuba Diving;296
Eating out;296
Video Games;297
Geocaching;297
Sand Castles;297
Blogging;297
Skeet Shooting;297
Crossword Puzzles;297
String Figures;297
Sand Castles;297
Walking;297
Models;298
R/C Helicopters;298
Dumpster Diving;298
Tatting;300
Train Spotting;301
Gun Collecting;301
Calligraphy;301
Body Building;301
Beach/Sun tanning;301
Roleplaying;301
Paragliding or Power Paragliding;301
Amateur Radio;302
Lacrosse;303
Bonsai Tree;303
Collecting Antiques;303
Exercise (aerobics, weights);304
Origami;304
Learning An Instrument;304
Falconry;304
Tetris;304
Renting movies;304
Sleeping;304
Bird watching;304
Geocaching;304
Magic;305
Boomerangs;305
Paragliding or Power Paragliding;305
Legos;306
World Record Breaking;306
Robotics;306
Taxidermy;306
Toy Collecting;306
Cloud Watching;306
Football;306
Body Building;306
Handwriting Analysis;306
Freshwater Aquariums;307
Surf Fishing;307
R/C Helicopters;307
Rockets;307
Motorcycles;307
Church/church activities;307
Storytelling;307
Survival;308
Fishing;308
Racing Pigeons;308
Bird watching;309
Tetris;309
Martial Arts;309
Scuba Diving;309
Cake Decorating;309
Parkour;309
Kayaking;309
Paintball;309
Illusion;309
Pole Dancing;309
Jigsaw Puzzles;309
Parachuting;310
Slingshots;310
Wine Making;310
Collecting Hats;310
Herping;310
Working In A Food Pantry;310
Kayaking;310
Parachuting;310
Parachuting;310
Car Racing;310
Cross-Stitch;310
Bicycle Polo;311
Floorball;311
Button Collecting;311
Bowling;311
Geocaching;311
YoYo;311
Home Theater;311
Parkour;311
Building Dollhouses;311
Locksport;311
Collecting Antiques;312
Dumpster Diving;312
Skiing;312
Gyotaku;312
Boating;313
Jet Engines;313
Protesting;314
Becoming A Child Advocate;314
Pipe Smoking;315
Speed Cubing (rubix cube);315
Paintball;315
Singing In Choir;315
Illusion;315
Sewing;315
Saltwater Aquariums;315
Trekkie;316
Paragliding or Power Paragliding;316
Go Kart Racing;316
Snowboarding;316
Collecting Antiques;316
Pyrotechnics;316
Speed Cubing (rubix cube);316
Sand Castles;316
Entertaining;316
Astronomy;317
Saltwater Aquariums;317
Dumpster Diving;317
Planking;317
Archery;317
Railfans;317
Railfans;317
Making Model Cars;317
Taxidermy;317
Learning An Instrument;317
Embroidery;318
Sleeping;318
Yoga;318
Lawn Darts;318
World Record Breaking;318
Gyotaku;318
Sleeping;318
Falconry;318
Trekkie;319
Listening to music;319
Iceskating;319
Collecting Swords;320
Lawn Darts;320
Handwriting Analysis;320
Nail Art;320
Home Repair;320
Working on cars;320
Roleplaying;320
Paragliding or Power Paragliding;320
Aircraft Spotting;320
Boating;320
Blacksmithing;320
Surf Fishing;321
Sketching;321
Aircraft Spotting;321
Collecting Antiques;321
Modeling Ships;321
Archery;321
Go Kart Racing;321
Sewing;322
Wine Making;322
Go Kart Racing;322
Running;322
Learning A Foreign Language;322
Amateur Radio;322
Astronomy;322
Beatboxing;322
R/C Boats;322
Slot Car Racing;323
Hang gliding;323
Fly Tying;323
Model Rockets;323
Beach/Sun tanning;323
Hot air ballooning;323
Dancing;323
Inventing;323
Guitar;324
Four Wheeling;324
Hot air ballooning;324
Astrology;324
Frisbee Golf – Frolf;324
Origami;324
Beadwork;324
Cooking;325
Listening to music;325
Self Defense;325
Cooking;325
Educational Courses;325
Floral Arrangements;325
Working In A Food Pantry;325
Reading To The Elderly;327
Watching sporting events;327
Learning A Foreign Language;327
Gymnastics;328
Renaissance Faire;328
Kite Boarding;328
Home Theater;328
Collecting;328
Bird watching;328
Slack Lining;328
Socializing with friends/neighbors;328
Modeling Ships;328
Warhammer;328
Collecting Sports Cards (Baseball, Football, Basketball, Hockey);330
Nail Art;330
Roleplaying;330
Texting;330
Digital Photography;330
Tutoring Children;330
Taxidermy;331
Aquarium (Freshwater & Saltwater);331
Trekkie;331
Volunteer;332
Meditation;332
Collecting;332
Collecting Music Albums;332
Brewing Beer;332
Blacksmithing;332
Chess;332
Skateboarding;332
Hang gliding;332
Floorball;332
Socializing with friends/neighbors;332
Bringing Food To The Disabled;333
Drawing;333
Violin;333
Zumba;333
Mountain Climbing;333
Collecting Swords;333
Body Building;333
Sleeping;333
Exercise (aerobics, weights);333
Working on cars;333
Powerboking;333
Darts;334
Aquarium (Freshwater & Saltwater);334
Parkour;334
Home Repair;334
Rafting;334
Pottery;334
Traveling;334
Video Games;335
Darts;335
Cosplay;336
Video Games;336
String Figures;336
Pyrotechnics;336
Boomerangs;336
Horse riding;336
TV watching;336
Cross-Stitch;336
Textiles;336
Snorkeling;336
Leathercrafting;337
Running;337
BMX;337
Dolls;337
Rafting;337
Bicycling;337
Church/church activities;338
Cheerleading;339
Tesla Coils;339
Bicycle Polo;339
Roleplaying;339
Traveling;339
Texting;339
R/C Boats;341
Basketball;341
Modeling Ships;341
Archery;342
Juggling;342
Nail Art;342
Protesting;342
Hula Hooping;343
Belly Dancing;343
Crafts;343
Go Kart Racing;343
Snowboarding;343
Paintball;343
Volunteer;343
Cross-Stitch;343
BoardGames;343
Home Brewing;343
Skateboarding;344
Cosplay;344
Microscopy;345
Meditation;345
Gun Collecting;345
Fencing;345
Speed Cubing (rubix cube);345
Papermaking;345
Taxidermy;346
Learning To Pilot A Plane;346
Compose Music;347
Matchstick Modeling;347
Learning To Pilot A Plane;347
Musical Instruments;347
Hiking;347
Aeromodeling;347
Rock Balancing;347
Wine Making;347
Blacksmithing;348
Genealogy;348
Birding;348
Freshwater Aquariums;348
Home Theater;348
Fly Tying;348
Garage Saleing;348
Wingsuit Flying;348
Martial Arts;348
Home Repair;348
Tesla Coils;349
Ziplining;349
Spelunkering;349
Dominoes;349
Belly Dancing;350
Becoming A Child Advocate;350
Snowboarding;350
Writing;350
Wine Making;350
Sky Diving;350
Gun Collecting;350
Treasure Hunting;350
Parkour;351
Home Brewing;351
Collecting Artwork;351
Powerboking;351
Train Collecting;351
Rapping;352
Skeet Shooting;353
Skateboarding;353
Blogging;353
Pole Dancing;354
Internet;354
Four Wheeling;354
People Watching;354
Collecting Swords;354
Lawn Darts;354
Playing music;354
Model Railroading;355
Wingsuit Flying;355
Violin;355
Building Dollhouses;355
Meditation;355
Origami;355
Cheerleading;356
Button Collecting;356
Running;356
Violin;356
Learning A Foreign Language;356
Genealogy;357
Bookbinding;357
Making Model Cars;357
Martial Arts;357
Snowboarding;357
Blacksmithing;357
Spending time with family/kids;357
Macramé;357
Macramé;357
Darts;359
Singing In Choir;359
Building A House For Habitat For Humanity;359
Animals/pets/dogs;361
Textiles;361
Base Jumping;361
Running;361
Baseball;361
Rafting;361
Mountain Biking;361
Digital Photography;361
Magic;362
Bicycling;362
Rafting;362
R/C Boats;362
Tetris;365
Cake Decorating;365
Leathercrafting;365
Exercise (aerobics, weights);365
Juggling;365
Butterfly Watching;365
Backgammon;365
Grip Strength;365
Warhammer;365
Crossword Puzzles;365
Metal Detecting;365
Iceskating;366
Hiking;366
Tea Tasting;366
Gunsmithing;366
Warhammer;367
Gun Collecting;367
Building A House For Habitat For Humanity;367
Cosplay;367
Hiking;367
Computer activities;367
Basketball;368
Casino Gambling;368
Learning An Instrument;368
Illusion;368
Singing In Choir;368
Traveling;368
Ceramics;368
Electronics;368
Legos;368
Sewing;369
Sewing;369
Keep A Journal;369
Body Building;369
Skiing;369
Juggling;369
R/C Planes;369
Collecting;369
Woodworking;369
Models;369
Animals/pets/dogs;370
Storytelling;371
Backgammon;371
Car Racing;371
Playing team sports;371
String Figures;371
Cloud Watching;371
Acting;373
Basketball;373
Beadwork;373
Jigsaw Puzzles;373
Zumba;373
Herping;374
Hula Hooping;374
Storm Chasing;374
Bell Ringing;374
Cigar Smoking;374
Bicycle Polo;374
Frisbee Golf – Frolf;374
Shark Fishing;374
Collecting Hats;374
Collecting;374
Astrology;374
Beachcombing;375
Taxidermy;375
Rescuing Abused Or Abandoned Animals;375
Beatboxing;375
Skiing;375
Cave Diving;375
Renting movies;375
Floral Arrangements;376
Beatboxing;376
Pyrotechnics;376
Reading To The Elderly;376
Sleeping;376
Drawing;376
Legos;376
Kite Boarding;377
Dodgeball;377
Windsurfing;377
Bell Ringing;377
Papermache;377
Meditation;377
Gun Collecting;378
Dolls;378
World Record Breaking;378
Spending time with family/kids;378
Inventing;379
Ghost Hunting;379
Car Racing;379
Gyotaku;380
Car Racing;380
Ziplining;380
Slack Lining;380
Leathercrafting;380
Airsofting;380
Toy Collecting;380
Crossword Puzzles;380
Slingshots;380
Dumpster Diving;381
Papermaking;381
Butterfly Watching;381
Airsofting;381
Planking;381
Body Building;381
Baseball;381
Magic;382
Jump Roping;382
Hiking;382
Cave Diving;382
Survival;382
Skateboarding;383
Blacksmithing;383
Bicycling;383
Bicycling;383
Collecting Swords;383
Listening to music;383
Inventing;383
Badminton;385
Lasers;385
Fire Poi;385
Amateur Radio;385
Shark Fishing;385
Snorkeling;385
Windsurfing;385
Beadwork;386
Leathercrafting;387
Jewelry Making;387
Weather Watcher;387
Educational Courses;388
Crafts (unspecified);389
Sewing;389
Tatting;389
Lasers;389
Cloud Watching;389
Kayaking;389
Home Repair;389
Reading;389
Writing Music;389
Camping;389
Parachuting;389
Bicycle Polo;390
Shark Fishing;390
Collecting;390
Aeromodeling;390
Base Jumping;390
Working on cars;390
Roleplaying;390
Tennis;390
Floorball;391
Chess;391
Sand Castles;391
Crocheting;391
Snorkeling;391
BoardGames;391
Railfans;391
Martial Arts;392
Relaxing;392
BoardGames;392
Weather Watcher;392
Slot Car Racing;392
Guitar;392
Bonsai Tree;393
Dumpster Diving;393
Bridge Building;393
Cloud Watching;393
Matchstick Modeling;394
Cave Diving;394
Knotting;394
Gunsmithing;394
Surfing;396
Bicycling;396
Train Spotting;396
Gnoming;396
Papermaking;396
Amateur Astronomy;396
R/C Cars;396
Hang gliding;396
Home Brewing;397
Storm Chasing;397
Frisbee Golf – Frolf;398
Keep A Journal;398
Papermache;398
Writing Songs;398
Video Games;398
Singing In Choir;398
Baseball;398
Guitar;399
BMX;399
Jewelry Making;399
Jigsaw Puzzles;399
Entertaining;399
Collecting Sports Cards (Baseball, Football, Basketball, Hockey);399
Rapping;399
Tatting;399
Puppetry;400
Fire Poi;400
Airbrushing;400
Blogging;400
Tetris;400
Skiing;400
Kayaking;400
Hang gliding;400
Tennis;400
Illusion;400
Textiles;400
Metal Detecting;401
Archery;401
Watching sporting events;402
Owning An Antique Car;403
Tennis;403
Piano;403
Meditation;403
Tombstone Rubbing;403
Genealogy;403
String Figures;403
Learning To Pilot A Plane;403
BoardGames;403
People Watching;403
Four Wheeling;404
Aeromodeling;404
Car Racing;404
Owning An Antique Car;404
Grip Strength;404
Rockets;404
Scuba Diving;404
Video Games;405
Internet;405
Tetris;405
Rockets;405
Aquarium (Freshwater & Saltwater);405
Bringing Food To The Disabled;405
Beatboxing;405
Soap Making;405
R/C Boats;405
Walking;405
Football;405
Meditation;406
Lacrosse;406
Weightlifting;406
Cross-Stitch;406
Powerboking;406
Pinochle;406
R/C Helicopters;406
Fly Tying;406
BMX;406
Locksport;406
Collecting Antiques;408
Model Rockets;408
Beachcombing;408
Kites;408
R/C Planes;408
Train Collecting;409
Legos;409
Tesla Coils;410
Gardening;410
Railfans;410
Treasure Hunting;410
Rock Balancing;410
Going to movies;412
Soccer;412
Camping;412
R/C Helicopters;413
Hot air ballooning;413
Beach/Sun tanning;413
Scuba Diving;413
Archery;413
Casino Gambling;414
Games;414
Nail Art;416
Keep A Journal;416
Diecast Collectibles;416
Belly Dancing;416
Aeromodeling;416
Ghost Hunting;416
Cave Diving;416
Urban Exploration;416
Learning A Foreign Language;416
Butterfly Watching;416
Modeling Ships;416
Kitchen Chemistry;417
Glowsticking;417
Taxidermy;417
Magic;417
Bringing Food To The Disabled;417
Listening to music;417
Knotting;417
Home Theater;417
Airbrushing;417
Tatting;418
Reading To The Elderly;418
Four Wheeling;418
Bicycle Polo;418
Mountain Climbing;418
Self Defense;418
Sewing;418
Cartooning;418
Roleplaying;418
Crafts (unspecified);418
Storytelling;418
Tutoring Children;419
Papermaking;419
Crafts;419
Diecast Collectibles;420
Learning A Foreign Language;421
Lawn Darts;421
TV watching;421
Illusion;421
Railfans;421
Computer activities;421
Home Theater;421
Reading;421
Jewelry Making;421
Hot air ballooning;421
Robotics;422
Train Collecting;422
Camping;422
Martial Arts;422
Crafts (unspecified);423
Ceramics;423
Sewing;423
Jet Engines;423
Church/church activities;423
Car Racing;423
Four Wheeling;423
Cartooning;423
Belly Dancing;424
Sewing;424
Model Rockets;424
Tesla Coils;424
Wrestling;425
Socializing with friends/neighbors;426
Working on cars;426
Tatting;426
Metal Detecting;426
Pipe Smoking;427
Singing In Choir;427
Origami;427
Railfans;427
Collecting Artwork;427
Amateur Astronomy;428
Camping;428
Arts;428
Collecting Swords;428
Hiking;428
TV watching;430
Lawn Darts;430
Diecast Collectibles;430
Falconry;430
Urban Exploration;430
Button Collecting;430
Working In A Food Pantry;431
Brewing Beer;432
Hang gliding;432
Coloring;432
Surf Fishing;432
Self Defense;432
Sky Diving;432
Collecting Swords;432
Watching sporting events;432
Volunteer;432
Chess;432
Wine Making;432
Parkour;433
Cave Diving;434
People Watching;434
Coin Collecting;434
Floral Arrangements;434
Yoga;435
Backgammon;435
Juggling;435
Toy Collecting;436
Crochet;436
Fire Poi;437
Rocking AIDS Babies;437
Butterfly Watching;437
Kites;437
Pole Dancing;437
Electronics;437
Stamp Collecting;437
Sleeping;437
Rescuing Abused Or Abandoned Animals;437
Metal Detecting;437
Nail Art;437
Airbrushing;438
Fire Poi;438
Sleeping;438
Writing;439
Handwriting Analysis;439
Knotting;439
Floorball;439
Lasers;440
Diecast Collectibles;440
Tesla Coils;440
Skeet Shooting;440
Hunting;440
Boating;440
Crocheting;440
Birding;440
Boomerangs;441
Powerboking;442
Sand Castles;442
Internet;442
Train Spotting;442
R/C Cars;442
Camping;442
Horse riding;442
Hula Hooping;442
Crafts (unspecified);443
Glowsticking;443
Arts;443
Collecting Hats;443
Swimming;443
Survival;443
Calligraphy;443
Basketball;443
Beatboxing;447
Backgammon;447
Models;448
Animals/pets/dogs;448
Snorkeling;449
Baseball;449
Bookbinding;449
Soap Making;450
Speed Cubing (rubix cube);450
Textiles;450
Modeling Ships;451
Frisbee Golf – Frolf;451
Lawn Darts;451
Belly Dancing;452
Rock Balancing;452
Belly Dancing;452
Button Collecting;452
Cloud Watching;452
Marksmanship;452
Locksport;452
Tea Tasting;452
Kayaking;452
Traveling;452
Owning An Antique Car;452
Fast cars;453
Tatting;454
Martial Arts;454
Bicycling;454
Soap Making;454
Grip Strength;455
Amateur Radio;455
Crafts;455
Bird watching;456
R/C Boats;457
Paragliding or Power Paragliding;457
Scuba Diving;457
Golf;457
Rockets;457
Paragliding or Power Paragliding;457
Internet;457
Computer activities;458
World Record Breaking;458
Lawn Darts;458
Snowboarding;458
Motorcycles;459
Genealogy;459
Wine Making;459
Pyrotechnics;459
Ceramics;459
Fishing;459
Cigar Smoking;459
Handwriting Analysis;459
Hula Hooping;459
Quilting;459
Amateur Radio;460
Hunting;460
Owning An Antique Car;460
Reading;460
Mountain Climbing;460
Traveling;460
Canoeing;460
Entertaining;460
Scrapbooking;460
Letterboxing;460
Swimming;460
Crochet;461
Rafting;461
Fast cars;461
Camping;461
R/C Helicopters;461
Home Theater;461
Cooking;461
Baseball;461
Cooking;461
Working on cars;461
Racing Pigeons;462
Storytelling;462
Lasers;462
Baseball;462
Brewing Beer;462
Robotics;462
Guitar;463
Reading;463
Slot Car Racing;463
Lasers;463
Beadwork;463
Kitchen Chemistry;463
Learning A Foreign Language;463
Base Jumping;463
Slack Lining;463
Cave Diving;464
Felting;464
Snorkeling;464
Textiles;464
Badminton;464
Roleplaying;464
Jet Engines;464
Glowsticking;464
Backgammon;464
Learning An Instrument;464
Floorball;465
Nail Art;465
Knitting;465
Felting;465
Chess;465
People Watching;465
Rocking AIDS Babies;465
Writing;465
Sketching;466
Watching sporting events;466
Skeet Shooting;466
Falconry;466
Martial Arts;466
Boating;466
Weather Watcher;466
Crocheting;467
Sleeping;468
Electronics;468
Train Collecting;468
Keep A Journal;469
Arts;469
Compose Music;469
Letterboxing;469
Owning An Antique Car;469
Gnoming;469
Photography;469
Learning To Pilot A Plane;470
Saltwater Aquariums;470
Cloud Watching;470
Educational Courses;470
Bowling;470
Running;470
Writing Songs;470
Sleeping;471
Go Kart Racing;471
Building Dollhouses;471
Writing;471
Puppetry;471
Collecting Hats;471
Beachcombing;471
Bird watching;471
Wrestling;471
Amateur Radio;471
Warhammer;473
Bookbinding;473
Snorkeling;473
Collecting RPM Records;473
Kites;473
Tatting;473
Paragliding or Power Paragliding;473
Crochet;473
Exercise (aerobics, weights);473
TV watching;473
Airsofting;473
Paragliding or Power Paragliding;474
Rockets;474
Fast cars;474
Skeet Shooting;474
Railfans;474
Locksport;475
Pipe Smoking;476
Amateur Radio;476
Video Games;476
Gun Collecting;476
Lacrosse;476
Cooking;477
Puppetry;477
Dolls;477
Storytelling;477
Beadwork;477
Tea Tasting;477
Tutoring Children;477
Wingsuit Flying;478
Models;478
BMX;478
BMX;478
Models;478
Toy Collecting;478
People Watching;479
Handwriting Analysis;479
R/C Planes;479
Casino Gambling;479
Railfans;479
Beadwork;479
Beatboxing;479
Conworlding;479
Frisbee Golf – Frolf;479
Rapping;480
Owning An Antique Car;480
Going to movies;480
Amateur Astronomy;480
Watching sporting events;480
Weightlifting;480
Shopping;480
Pipe Smoking;480
Dominoes;480
Computer activities;481
Guitar;481
Falconry;482
Letterboxing;482
Singing In Choir;482
Illusion;482
Leathercrafting;482
Base Jumping;482
Models;482
Astronomy;482
Rockets;482
Hula Hooping;482
Coloring;483
Bridge Building;483
Backgammon;483
Butterfly Watching;483
Base Jumping;483
Educational Courses;483
Jump Roping;483
Cigar Smoking;485
Hunting;485
Pipe Smoking;485
Papermache;485
Skiing;486
Working In A Food Pantry;487
Metal Detecting;487
Tool Collecting;487
R/C Boats;487
Macramé;487
Storm Chasing;487
Piano;487
Archery;488
Embroidery;488
Kayaking;488
Textiles;488
Train Collecting;489
Hiking;489
Reading To The Elderly;490
Cigar Smoking;490
Kitchen Chemistry;490
Rock Collecting;490
Model Railroading;490
Coloring;490
Playing music;491
Camping;491
Four Wheeling;492
Collecting Sports Cards (Baseball, Football, Basketball, Hockey);492
Piano;492
World Record Breaking;492
Gyotaku;492
Coin Collecting;492
TV watching;494
Snorkeling;494
Reading;494
Illusion;494
Treasure Hunting;494
Backgammon;494
Learning To Pilot A Plane;494
Lawn Darts;494
Running;494
Legos;495
Weather Watcher;495
Collecting Swords;495
Nail Art;495
Badminton;495
Collecting Swords;495
Collecting Hats;495
Ziplining;495
Cheerleading;496
Leathercrafting;496
Sky Diving;496
Collecting RPM Records;496
Beatboxing;496
Hunting;496
Candle Making;496
Geocaching;497
Reading To The Elderly;497
Iceskating;497
Crocheting;498
Airsofting;499
Ghost Hunting;499
Aquarium (Freshwater & Saltwater);500
Computer activities;501
Jigsaw Puzzles;501
Weightlifting;502
Pipe Smoking;502
Roleplaying;502
Collecting;502
Stamp Collecting;503
Crafts;503
Casino Gambling;504
Watching sporting events;504
Bicycling;504
Trekkie;506
Cigar Smoking;506
Astronomy;506
Amateur Radio;506
Relaxing;506
Surfing;507
Locksport;507
Compose Music;507
Bookbinding;507
Freshwater Aquariums;507
Computer activities;507
Casino Gambling;507
Letterboxing;507
Writing;508
Fencing;508
Tea Tasting;508
Floorball;509
Paintball;510
Amateur Astronomy;510
TV watching;510
Listening to music;510
Sleeping;510
Gun Collecting;511
Skateboarding;512
Freshwater Aquariums;512
Models;512
Belly Dancing;512
Canoeing;512
Grip Strength;512
Mountain Biking;513
Marksmanship;513
Games;513
Home Brewing;513
Educational Courses;513
Fencing;513
Pyrotechnics;513
Tatting;513
Football;513
Leathercrafting;513
Crossword Puzzles;514
Badminton;514
Crochet;514
Parachuting;514
Beachcombing;514
Surf Fishing;514
Mountain Climbing;515
Crossword Puzzles;515
Tutoring Children;515
Skiing;515
Gunsmithing;515
Ultimate Frisbee;515
Shopping;515
Scrapbooking;515
Jigsaw Puzzles;515
Canoeing;516
Chess;516
Animals/pets/dogs;516
Calligraphy;516
Sketching;516
Dumpster Diving;516
Reading;516
Bonsai Tree;516
Computer activities;516
Making Model Cars;516
Gyotaku;516
Spending time with family/kids;517
Calligraphy;517
Crafts;517
Kitchen Chemistry;517
Entertaining;517
Horse riding;517
Becoming A Child Advocate;517
Kite Boarding;517
Tetris;517
Renting movies;517
Aircraft Spotting;518
Cake Decorating;518
Impersonations;518
Learning A Foreign Language;518
Home Theater;518
Locksport;518
Ziplining;518
Hiking;518
Button Collecting;518
Jigsaw Puzzles;519
Coloring;519
Juggling;519
Nail Art;519
Cheerleading;519
Mountain Biking;519
Badminton;519
Hot air ballooning;519
Hunting;519
Martial Arts;519
Jet Engines;520
Digital Photography;520
Shark Fishing;520
Tool Collecting;520
Survival;520
Violin;520
Toy Collecting;520
Lacrosse;520
Macramé;520
Jump Roping;520
Bicycle Polo;520
Gunsmithing;521
Sand Castles;521
Canoeing;521
Mountain Biking;521
Cigar Smoking;521
Felting;522
Speed Cubing (rubix cube);522
Jet Engines;523
Quilting;523
Canoeing;523
Scuba Diving;523
Self Defense;523
Making Model Cars;523
Playing music;523
Compose Music;523
Rapping;523
Tetris;523
Model Rockets;523
Model Rockets;524
Collecting RPM Records;524
Games;524
Kitchen Chemistry;525
Gymnastics;525
Ultimate Frisbee;525
Quilting;525
Beadwork;525
Going to movies;525
Shark Fishing;525
Body Building;526
Building Dollhouses;526
Zumba;526
Writing;526
Listening to music;526
Bookbinding;526
Horse riding;526
Slack Lining;526
Base Jumping;526
Leathercrafting;526
Embroidery;527
Shark Fishing;527
Ceramics;527
Scrapbooking;527
Painting;527
Embroidery;527
Puppetry;527
Beach/Sun tanning;527
Collecting Hats;528
Hiking;528
Slingshots;528
Collecting;528
Beach/Sun tanning;528
Canoeing;528
Sky Diving;529
Hiking;529
Paragliding or Power Paragliding;529
Crafts (unspecified);529
Exercise (aerobics, weights);530
Writing Songs;530
Running;530
Puppetry;530
Sand Castles;530
Going to movies;530
Nail Art;530
Running;530
TV watching;531
Cave Diving;531
Camping;531
Textiles;531
Basketball;531
Lasers;531
Magic;531
Beachcombing;532
Sand Castles;532
Home Theater;532
Treasure Hunting;533
Hang gliding;533
Slot Car Racing;533
Rescuing Abused Or Abandoned Animals;533
Slot Car Racing;533
Traveling;533
Video Games;534
Tea Tasting;534
Storm Chasing;534
Models;534
Singing In Choir;534
Casino Gambling;534
Collecting RPM Records;534
Falconry;535
Boating;535
Rock Collecting;535
Archery;535
Keep A Journal;535
Martial Arts;535
Glowsticking;535
Home Brewing;535
Bonsai Tree;535
Trekkie;535
Genealogy;535
Grip Strength;536
Weather Watcher;536
Cloud Watching;536
Collecting Antiques;536
Calligraphy;536
Zumba;537
Pole Dancing;537
Learning To Pilot A Plane;537
Textiles;537
Illusion;537
Camping;537
Embroidery;537
Snowboarding;539
Yoga;539
Working on cars;540
Badminton;540
Learning A Foreign Language;540
Bonsai Tree;540
Rafting;540
Airsofting;540
Magic;540
Surfing;540
Macramé;541
Slingshots;541
Collecting Artwork;541
Digital Photography;542
Computer activities;542
Knotting;542
Nail Art;542
Coin Collecting;543
Bird watching;543
Animals/pets/dogs;543
Matchstick Modeling;543
Paintball;543
Yoga;543
Sketching;545
Painting;545
Crafts (unspecified);545
Reading;545
Woodworking;545
Storm Chasing;545
Leathercrafting;545
Blogging;546
Dominoes;546
Railfans;546
Metal Detecting;546
Football;546
Beadwork;546
Models;546
Four Wheeling;546
Running;547
Crafts (unspecified);547
Model Rockets;547
Protesting;547
Building Dollhouses;547
Ceramics;547
Locksport;547
Wrestling;547
Learn to Play Poker;548
Rockets;548
Volunteer;548
Fencing;548
Hot air ballooning;548
Gardening;548
Rocking AIDS Babies;548
Tombstone Rubbing;548
Astrology;548
Bird watching;548
Acting;549
Dolls;549
Button Collecting;549
Cartooning;549
Survival;549
Video Games;549
Blacksmithing;549
Bringing Food To The Disabled;549
Collecting;550
Building A House For Habitat For Humanity;550
Fencing;550
Speed Cubing (rubix cube);550
Working In A Food Pantry;550
Rocking AIDS Babies;550
Go Kart Racing;550
Playing music;550
Building A House For Habitat For Humanity;550
Locksport;550
Cartooning;551
Beadwork;552
Astrology;552
Kitchen Chemistry;552
Coin Collecting;552
Macramé;552
Photography;552
Mountain Climbing;552
Hula Hooping;552
Spelunkering;553
Dumpster Diving;553
Going to movies;554
Sleeping;554
Metal Detecting;554
Conworlding;554
Bell Ringing;554
Boomerangs;554
Rock Balancing;554
TV watching;555
Skateboarding;555
Hang gliding;556
Wingsuit Flying;556
Swimming;556
Traveling;556
Parkour;556
Skeet Shooting;556
Falconry;556
Mountain Climbing;557
Sleeping;557
Renting movies;557
Wine Making;557
Embroidery;557
Rafting;558
Taxidermy;558
Toy Collecting;558
Surf Fishing;558
Traveling;558
Jewelry Making;559
Texting;559
Renting movies;559
Working on cars;559
Speed Cubing (rubix cube);559
Boomerangs;559
Cigar Smoking;560
Speed Cubing (rubix cube);560
Windsurfing;560
Darts;560
Relaxing;560
Car Racing;560
R/C Helicopters;560
Photography;560
Garage Saleing;561
Slot Car Racing;562
Self Defense;562
Watching sporting events;562
People Watching;562
Hiking;562
Bringing Food To The Disabled;562
Protesting;563
Motorcycles;563
Pipe Smoking;564
Pottery;564
Kayaking;564
Wrestling;564
Self Defense;564
Birding;564
Sketching;564
Texting;565
Papermache;565
Tatting;565
Eating out;565
Tea Tasting;565
Horse riding;567
Astrology;567
Tatting;567
Planking;568
Games;568
Backgammon;568
Photography;568
YoYo;568
Paintball;568
Slack Lining;568
Cake Decorating;569
Coloring;569
Slingshots;569
Model Railroading;569
Protesting;570
Diecast Collectibles;570
Impersonations;571
Casino Gambling;571
Lawn Darts;571
Internet;571
Racing Pigeons;571
Fast cars;572
Singing In Choir;572
R/C Boats;573
Kite Boarding;573
Gnoming;573
World Record Breaking;573
Parachuting;573
Magic;574
Papermaking;574
Calligraphy;575
Bookbinding;575
Lasers;575
Yoga;575
Locksport;575
Frisbee Golf – Frolf;575
Model Railroading;575
Quilting;575
Magic;575
Listening to music;575
Candle Making;575
Listening to music;576
Dolls;576
Beachcombing;576
Speed Cubing (rubix cube);577
Learning An Instrument;577
Protesting;577
Slot Car Racing;577
Body Building;577
Cave Diving;577
Aircraft Spotting;577
Snorkeling;577
Darts;578
Becoming A Child Advocate;578
Paintball;578
Microscopy;578
Modeling Ships;578
Casino Gambling;578
Surfing;578
Conworlding;578
Woodworking;579
Hang gliding;579
Knitting;579
Slot Car Racing;579
Working on cars;579
Magic;579
Kayaking;579
Coloring;579
Spending time with family/kids;579
Self Defense;579
Volunteer;579
Basketball;580
Soap Making;581
Building Dollhouses;581
Hiking;581
Internet;583
Tetris;583
Learning A Foreign Language;583
Writing Music;583
Tombstone Rubbing;584
Slack Lining;584
Mountain Climbing;585
Running;585
Belly Dancing;585
Legos;585
Paragliding or Power Paragliding;585
Playing music;585
Volunteer;586
Pole Dancing;587
Walking;587
Legos;587
Bookbinding;587
Rapping;587
Jigsaw Puzzles;587
Microscopy;587
Weightlifting;587
Rocking AIDS Babies;587
Horse riding;588
R/C Planes;588
Airsofting;588
R/C Cars;588
Mountain Climbing;588
Railfans;588
Golf;588
Jump Roping;588
Slingshots;589
Blogging;589
Camping;589
YoYo;589
Bell Ringing;589
Glowsticking;589
Parkour;590
Collecting RPM Records;590
Rocking AIDS Babies;590
Sleeping;591
Puppetry;591
Needlepoint;591
Iceskating;591
Glowsticking;591
Crochet;591
Wine Making;591
Electronics;592
Weightlifting;592
Tatting;592
TV watching;592
Chess;592
Animals/pets/dogs;592
Keep A Journal;592
Tetris;593
Survival;593
Casino Gambling;593
Guitar;593
Crafts (unspecified);593
Iceskating;593
Cloud Watching;593
Trekkie;594
Beadwork;594
Working on cars;595
Crossword Puzzles;595
Cloud Watching;595
Gyotaku;595
Modeling Ships;595
Volunteer;595
Reading;595
Educational Courses;595
Saltwater Aquariums;596
TV watching;596
Sewing;596
Hang gliding;597
Collecting;597
Lawn Darts;597
Leathercrafting;597
Fishing;597
Base Jumping;597
Racing Pigeons;597
Protesting;597
Gun Collecting;597
Freshwater Aquariums;597
Hang gliding;597
Crochet;598
Matchstick Modeling;598
Beatboxing;598
Tutoring Children;599
Conworlding;599
Scuba Diving;600
Glowsticking;600
Renting movies;600
BoardGames;600
Ziplining;600
Cigar Smoking;600
Singing In Choir;601
Macramé;601
Crossword Puzzles;601
Illusion;601
Arts;601
Fast cars;601
Arts;601
Rapping;601
Exercise (aerobics, weights);601
Painting;601
Walking;601
Genealogy;602
Snowboarding;602
Belly Dancing;604
Home Theater;605
Pole Dancing;605
Digital Photography;605
Parkour;605
Robotics;605
Snorkeling;605
Listening to music;605
Conworlding;605
Puppetry;605
Shark Fishing;605
Football;605
Grip Strength;606
Kitchen Chemistry;606
Mountain Biking;606
Treasure Hunting;606
Base Jumping;606
Lasers;606
R/C Helicopters;606
Cigar Smoking;606
Floorball;607
Parachuting;607
People Watching;607
Kayaking;607
Tool Collecting;608
People Watching;608
Crafts;608
Martial Arts;608
Saltwater Aquariums;608
Reading To The Elderly;608
Trekkie;608
Planking;608
Entertaining;608
Iceskating;608
Storm Chasing;608
Bookbinding;609
Floral Arrangements;609
Lawn Darts;609
Dancing;609
R/C Cars;609
Hot air ballooning;609
Martial Arts;609
Illusion;609
Chess;609
Metal Detecting;609
Piano;610
Musical Instruments;610
Rock Collecting;610
Darts;610
Amateur Astronomy;611
Parkour;611
Floorball;611
Violin;611
Quilting;611
Surfing;611
Blogging;611
Ultimate Frisbee;611
Bird watching;611
Illusion;611
Surfing;611
Stamp Collecting;612
Rock Balancing;612
Animals/pets/dogs;613
Wingsuit Flying;613
Gardening;613
Parachuting;613
Compose Music;613
Airbrushing;613
Skeet Shooting;613
Arts;613
Working on cars;613
Survival;613
Conworlding;614
Car Racing;614
Wine Making;614
Crafts;614
Handwriting Analysis;614
Airbrushing;614
BoardGames;614
Four Wheeling;614
Painting;614
Hunting;614
Pinochle;615
Needlepoint;615
Origami;615
Snorkeling;615
BMX;615
Exercise (aerobics, weights);615
Hang gliding;615
Compose Music;615
Making Model Cars;615
Glowsticking;615
Traveling;615
Freshwater Aquariums;616
Leathercrafting;618
Cheerleading;618
Learning An Instrument;618
Speed Cubing (rubix cube);618
Reading;618
Painting;618
Tea Tasting;618
Paragliding or Power Paragliding;619
Volunteer;619
Frisbee Golf – Frolf;619
Dominoes;619
Chess;619
BoardGames;619
Airsofting;619
Cross-Stitch;619
Animals/pets/dogs;619
Button Collecting;620
Compose Music;620
Modeling Ships;620
Basketball;621
Slot Car Racing;621
Eating out;621
Kite Boarding;621
Gymnastics;621
Saltwater Aquariums;621
Papermaking;622
Papermache;622
Collecting;622
Wrestling;622
Cloud Watching;622
Weather Watcher;622
Self Defense;622
Slingshots;622
Bird watching;622
Falconry;622
Zumba;622
Walking;623
Casino Gambling;623
Collecting Antiques;623
Floral Arrangements;623
Surf Fishing;623
Soap Making;623
Gymnastics;623
Juggling;624
Legos;624
Button Collecting;624
Surfing;624
Papermaking;624
Beachcombing;624
Hot air ballooning;624
Socializing with friends/neighbors;624
Rock Balancing;624
Kitchen Chemistry;627
Origami;627
Parachuting;627
Robotics;627
Digital Photography;628
Iceskating;628
Nail Art;628
Locksport;628
Painting;629
Jewelry Making;629
Cloud Watching;629
Rock Balancing;629
Writing Music;629
Locksport;629
Locksport;629
R/C Cars;629
Glowsticking;629
Blogging;629
Amateur Astronomy;629
Football;630
Camping;630
Go Kart Racing;630
Skiing;631
Saltwater Aquariums;631
Learning To Pilot A Plane;631
R/C Cars;631
Rock Balancing;631
Soccer;631
Papermache;632
Working In A Food Pantry;632
Jewelry Making;632
Inventing;632
Bringing Food To The Disabled;632
Scrapbooking;633
Cigar Smoking;633
Kitchen Chemistry;633
Warhammer;633
Gun Collecting;633
Locksport;633
Candle Making;633
Ghost Hunting;633
Button Collecting;633
Internet;634
Ghost Hunting;634
Speed Cubing (rubix cube);634
Tool Collecting;634
Scuba Diving;634
Locksport;634
BoardGames;634
Slot Car Racing;634
Toy Collecting;634
Geocaching;634
Tombstone Rubbing;635
Rockets;635
Bookbinding;635
Magic;635
Inventing;635
Puppetry;636
Fishing;636
Skateboarding;636
Home Theater;636
Weather Watcher;636
Working In A Food Pantry;636
Urban Exploration;636
Dolls;636
Eating out;636
Collecting RPM Records;636
Matchstick Modeling;637
Handwriting Analysis;637
Electronics;637
Violin;637
Microscopy;637
Singing In Choir;637
Gun Collecting;637
Floorball;637
Train Spotting;637
Lawn Darts;637
Eating out;638
Walking;638
Spelunkering;638
Tool Collecting;638
Bird watching;638
Going to movies;639
Gardening;639
Shark Fishing;639
Fast cars;639
Mountain Climbing;639
Singing In Choir;639
Games;639
Rafting;639
Gun Collecting;640
Planking;640
Tombstone Rubbing;641
Legos;641
Skateboarding;641
Home Theater;641
Knitting;641
Butterfly Watching;642
Model Railroading;642
Garage Saleing;642
Toy Collecting;642
Watching sporting events;642
Yoga;642
Base Jumping;642
Jet Engines;642
R/C Boats;643
Football;643
Learning To Pilot A Plane;643
Geocaching;643
Snowboarding;643
Origami;643
Freshwater Aquariums;643
Walking;643
Four Wheeling;643
Bicycling;643
Tesla Coils;644
Home Repair;644
Home Brewing;644
Floorball;644
Paragliding or Power Paragliding;644
Writing Music;645
Puppetry;645
Games;645
String Figures;646
Writing;646
Snowboarding;646
Bowling;646
Cosplay;646
Beatboxing;647
Cigar Smoking;647
R/C Cars;647
Football;647
Speed Cubing (rubix cube);647
Locksport;647
Cake Decorating;647
Urban Exploration;647
Blacksmithing;648
Herping;648
Painting;648
Parkour;648
Treasure Hunting;649
Tetris;649
Marksmanship;649
Body Building;649
Fire Poi;649
Woodworking;649
Model Railroading;650
Mountain Climbing;650
Embroidery;650
Compose Music;650
Scuba Diving;650
Learn to Play Poker;650
Bridge Building;650
Tesla Coils;650
Parkour;651
Yoga;651
Bringing Food To The Disabled;651
Walking;651
Airsofting;652
Drawing;653
Keep A Journal;653
Wingsuit Flying;653
Home Brewing;653
Reading To The Elderly;653
Models;653
Paintball;653
Needlepoint;654
Pipe Smoking;654
Pipe Smoking;654
Pinochle;654
Pole Dancing;654
Games;654
Button Collecting;654
Kayaking;654
Hot air ballooning;654
Frisbee Golf – Frolf;654
Illusion;654
Parachuting;655
Ziplining;655
Owning An Antique Car;655
Bird watching;655
Yoga;655
Writing;655
Powerboking;656
Writing Music;656
Parachuting;656
Floorball;657
Astronomy;657
Boating;657
Renting movies;657
Storm Chasing;657
Boomerangs;658
Woodworking;658
Rockets;658
Skateboarding;658
Collecting Swords;658
Racing Pigeons;658
Cigar Smoking;658
Hunting;659
Blogging;659
Fire Poi;659
Owning An Antique Car;659
Felting;659
Drawing;659
Rock Collecting;659
Scrapbooking;659
Papermache;659
Hot air ballooning;660
Dumpster Diving;661
Keep A Journal;661
Geocaching;661
Lacrosse;661
Birding;661
Guitar;662
Spending time with family/kids;662
Boating;662
Collecting Antiques;662
Papermache;662
Collecting;662
Surf Fishing;662
Cooking;662
Running;663
Sky Diving;663
Belly Dancing;663
Home Repair;663
Skateboarding;663
Warhammer;663
Blacksmithing;663
Jet Engines;663
Felting;663
Spending time with family/kids;663
Keep A Journal;664
Collecting Hats;665
Lacrosse;665
Running;666
World Record Breaking;667
Tatting;667
Learning To Pilot A Plane;667
Treasure Hunting;667
Swimming;667
Collecting Artwork;667
Aeromodeling;667
Ghost Hunting;667
Working on cars;667
Matchstick Modeling;667
Felting;667
Boomerangs;668
Gardening;668
Football;668
Hang gliding;668
Marksmanship;668
Knotting;668
Boomerangs;669
Legos;669
Taxidermy;669
Gun Collecting;669
Mountain Biking;669
Knitting;669
Arts;669
Spending time with family/kids;669
Fast cars;669
Needlepoint;669
Eating out;670
Amateur Astronomy;670
Swimming;670
Collecting Music Albums;670
Microscopy;670
Working on cars;670
Racing Pigeons;670
Astronomy;670
Gardening;671
Chess;671
Racing Pigeons;672
Go Kart Racing;672
Crochet;672
Bonsai Tree;672
Hunting;672
Drawing;672
Rescuing Abused Or Abandoned Animals;672
Lasers;672
Bridge Building;672
Pottery;672
Base Jumping;673
Snowboarding;673
Hot air ballooning;673
Embroidery;673
Weightlifting;673
Papermaking;673
Taxidermy;673
Collecting Music Albums;674
Martial Arts;674
Knotting;675
Cosplay;675
Weather Watcher;675
Arts;675
Jigsaw Puzzles;675
R/C Cars;675
Sand Castles;675
Go Kart Racing;675
Magic;675
Texting;675
Hula Hooping;676
Beach/Sun tanning;677
Piano;677
Making Model Cars;677
Internet;677
Kayaking;677
Stamp Collecting;677
Making Model Cars;677
Storm Chasing;677
Roleplaying;677
Learning A Foreign Language;678
Collecting Artwork;678
Singing In Choir;679
Needlepoint;679
Casino Gambling;680
Backgammon;681
Cosplay;681
Going to movies;681
Candle Making;681
Archery;681
Compose Music;681
Impersonations;681
Acting;682
Building Dollhouses;683
Airsofting;684
Kayaking;684
Diecast Collectibles;686
Painting;686
Tetris;686
Skiing;686
Needlepoint;686
Trekkie;686
Golf;686
Genealogy;686
Body Building;686
BoardGames;686
TV watching;686
R/C Cars;687
Genealogy;687
Trekkie;687
Saltwater Aquariums;687
Internet;687
Learn to Play Poker;687
Surf Fishing;687
Metal Detecting;687
R/C Planes;687
Scuba Diving;688
Soccer;688
BMX;688
Tatting;688
Home Brewing;688
Arts;688
Renaissance Faire;688
Learning A Foreign Language;688
Working In A Food Pantry;689
Snorkeling;689
Wine Making;689
Crossword Puzzles;689
Sewing;689
Leathercrafting;689
Collecting Antiques;689
Gun Collecting;689
Sand Castles;690
Aquarium (Freshwater & Saltwater);691
Musical Instruments;691
Astronomy;691
Cross-Stitch;691
Running;692
Gnoming;692
Collecting Swords;692
Drawing;692
Paintball;693
Snorkeling;694
Hang gliding;694
Renaissance Faire;694
Home Brewing;694
Dominoes;695
Powerboking;695
Survival;695
Crafts (unspecified);695
Hot air ballooning;695
Metal Detecting;695
R/C Cars;695
Button Collecting;695
Casino Gambling;695
Hot air ballooning;695
Meditation;695
Button Collecting;696
Camping;696
Airsofting;696
Metal Detecting;696
Becoming A Child Advocate;696
Matchstick Modeling;696
Marksmanship;696
Home Brewing;696
Cartooning;697
Home Repair;697
Floral Arrangements;697
Cheerleading;697
Slack Lining;697
Floral Arrangements;698
Going to movies;698
Learning An Instrument;698
Pottery;698
Eating out;698
Kayaking;698
Rock Collecting;698
Playing team sports;698
Cosplay;699
Woodworking;699
Bell Ringing;699
Survival;699
Modeling Ships;699
Paintball;699
Renting movies;699
Dodgeball;701
Paintball;702
Birding;702
Collecting Artwork;702
Tutoring Children;702
Running;702
Kites;702
Traveling;702
Collecting Music Albums;702
Storm Chasing;702
Dancing;703
Beatboxing;703
Crafts (unspecified);703
Speed Cubing (rubix cube);703
Calligraphy;704
Kayaking;704
Kayaking;704
Skateboarding;704
Building Dollhouses;704
Beatboxing;704
Gunsmithing;704
Tatting;704
Bell Ringing;704
Fencing;705
Archery;705
Storytelling;705
Skeet Shooting;706
Canoeing;706
Sand Castles;706
Aircraft Spotting;706
Railfans;706
Gyotaku;706
Cave Diving;706
Renaissance Faire;706
Stamp Collecting;706
Motorcycles;706
Floral Arrangements;707
Meditation;707
Collecting Hats;707
Badminton;707
Playing music;707
Playing music;707
Kite Boarding;707
Train Collecting;708
Felting;708
Rapping;708
Fast cars;708
Self Defense;708
Models;708
Cartooning;708
Powerboking;709
Robotics;709
Cake Decorating;709
Microscopy;709
Reading To The Elderly;709
Running;709
Weightlifting;710
Model Rockets;710
Backgammon;710
Conworlding;710
Gymnastics;710
Collecting Swords;711
Going to movies;711
Tool Collecting;711
Butterfly Watching;712
Sewing;712
Go Kart Racing;712
Football;712
Cartooning;713
Four Wheeling;713
Hunting;713
Pinochle;713
Pipe Smoking;713
Illusion;713
Yoga;713
Texting;714
Slot Car Racing;714
Owning An Antique Car;714
Woodworking;714
Kitchen Chemistry;714
Metal Detecting;714
Boomerangs;714
Weather Watcher;715
Dodgeball;715
Ceramics;715
Ceramics;715
Fishing;715
Glowsticking;715
Paragliding or Power Paragliding;715
Bird watching;715
Meditation;715
Sketching;715
Bringing Food To The Disabled;716
Piano;716
Soap Making;716
Sky Diving;716
Scuba Diving;716
Dodgeball;716
Bookbinding;716
Cosplay;716
BMX;716
Windsurfing;716
Painting;718
Snorkeling;718
Iceskating;718
Casino Gambling;718
Motorcycles;718
Tombstone Rubbing;718
Needlepoint;718
Crochet;718
Magic;719
Train Collecting;719
Powerboking;719
Baseball;719
World Record Breaking;719
Bringing Food To The Disabled;719
Crossword Puzzles;719
Collecting Hats;719
Football;720
Gymnastics;720
Listening to music;720
Go Kart Racing;720
Blogging;720
Ceramics;720
Beach/Sun tanning;720
Home Theater;720
Puppetry;721
Bookbinding;721
Train Spotting;721
Bookbinding;721
Traveling;721
Texting;721
Freshwater Aquariums;722
Collecting Antiques;722
Meditation;722
Tennis;722
Boomerangs;722
Beach/Sun tanning;722
Chess;722
Pottery;722
Cloud Watching;722
Running;724
Reading To The Elderly;724
Iceskating;724
Falconry;724
Spelunkering;724
Writing;724
Skateboarding;724
Skiing;725
Fire Poi;725
Badminton;725
Yoga;725
Storytelling;725
Learn to Play Poker;725
Wine Making;725
Crafts;725
Hiking;725
Self Defense;725
Snorkeling;726
Hula Hooping;726
Gardening;726
Tatting;726
Car Racing;726
Ceramics;726
Walking;726
Cheerleading;726
Collecting Music Albums;727
Saltwater Aquariums;727
Cloud Watching;727
Surfing;727
Grip Strength;727
Sewing;727
Bird watching;727
Piano;728
Volunteer;728
People Watching;728
Writing Music;728
Car Racing;728
Floorball;729
Pipe Smoking;729
Digital Photography;729
Coloring;730
Wingsuit Flying;730
Kite Boarding;730
Photography;730
Crocheting;730
Writing;730
Bridge Building;730
BMX;730
Writing Music;730
Owning An Antique Car;730
Swimming;731
Home Repair;731
Writing Songs;731
Tutoring Children;732
Kite Boarding;732
Tennis;732
Cigar Smoking;732
Home Theater;732
Bell Ringing;732
Video Games;733
Airsofting;733
Floorball;734
Beach/Sun tanning;734
Games;734
Home Repair;734
Violin;734
Drawing;734
R/C Cars;734
Cartooning;734
Arts;735
Speed Cubing (rubix cube);735
Glowsticking;735
Slingshots;735
Papermache;735
Cloud Watching;735
Canoeing;735
Racing Pigeons;736
Bringing Food To The Disabled;736
Building A House For Habitat For Humanity;736
Gunsmithing;736
Building A House For Habitat For Humanity;736
Iceskating;736
Bicycle Polo;737
Gyotaku;737
Piano;738
R/C Helicopters;738
Video Games;738
Basketball;738
Boating;738
Slot Car Racing;738
Working In A Food Pantry;738
Working In A Food Pantry;738
Roleplaying;738
Sand Castles;739
Amateur Astronomy;740
Renting movies;740
Roleplaying;740
Genealogy;740
Owning An Antique Car;740
Skiing;740
Paintball;741
Cheerleading;741
Exercise (aerobics, weights);741
Home Repair;742
Bridge Building;742
Collecting Music Albums;742
Fire Poi;742
Lasers;742
Beach/Sun tanning;742
Nail Art;743
Learning A Foreign Language;743
Pottery;743
Piano;743
Playing team sports;743
Railfans;743
Skeet Shooting;743
Compose Music;744
Dancing;744
Beachcombing;744
Illusion;744
Running;744
Train Spotting;744
Button Collecting;744
Swimming;744
Saltwater Aquariums;745
Trekkie;745
Bringing Food To The Disabled;745
Weightlifting;745
Knitting;745
Pole Dancing;745
Internet;745
Toy Collecting;745
Fly Tying;745
R/C Planes;745
Roleplaying;745
Textiles;746
Hang gliding;746
Scuba Diving;746
Shark Fishing;747
Learning A Foreign Language;747
Button Collecting;748
Saltwater Aquariums;748
Crafts;748
Knitting;748
Windsurfing;750
Fencing;750
Jet Engines;750
Watching sporting events;750
Digital Photography;750
Boating;750
Airsofting;750
Soccer;750
Sleeping;750
Shopping;750
Aquarium (Freshwater & Saltwater);750
Illusion;751
Tutoring Children;752
Airbrushing;752
Cave Diving;752
Racing Pigeons;752
Storm Chasing;752
Aquarium (Freshwater & Saltwater);752
Sky Diving;752
Building A House For Habitat For Humanity;752
Birding;753
Video Games;753
Juggling;753
Collecting RPM Records;753
Blogging;753
Slot Car Racing;753
Woodworking;753
Speed Cubing (rubix cube);754
Go Kart Racing;754
Sleeping;754
Jet Engines;754
Collecting Hats;754
Singing In Choir;754
Cooking;754
Sand Castles;754
Car Racing;755
Woodworking;755
Musical Instruments;756
R/C Cars;756
Rock Balancing;757
Astronomy;757
Fencing;757
Amateur Astronomy;757
Legos;757
Crossword Puzzles;757
Bonsai Tree;757
Meditation;758
Basketball;758
Trekkie;758
Woodworking;758
Cave Diving;759
Beatboxing;759
Marksmanship;759
Slot Car Racing;759
Planking;759
Cosplay;760
Snorkeling;760
Painting;760
Jump Roping;761
Falconry;761
Modeling Ships;761
Dolls;761
Papermache;764
Scrapbooking;764
Magic;765
Grip Strength;765
Parachuting;765
BoardGames;765
Car Racing;765
Scrapbooking;765
Volunteer;765
Jigsaw Puzzles;765
Jump Roping;765
Archery;766
Felting;766
Soccer;766
Taxidermy;766
Sketching;766
Golf;766
Go Kart Racing;766
Blogging;766
Candle Making;767
Papermaking;767
Frisbee Golf – Frolf;767
Meditation;767
Internet;767
Mountain Biking;767
Blogging;768
Powerboking;768
Educational Courses;768
Bicycling;768
String Figures;768
Illusion;768
Jet Engines;768
Crafts;768
Woodworking;768
R/C Boats;768
Floral Arrangements;769
Fishing;769
Sleeping;769
Skeet Shooting;769
Soccer;769
Kayaking;769
Surf Fishing;770
Dominoes;771
Gymnastics;771
Texting;771
Slack Lining;771
Writing Music;771
Gunsmithing;771
Papermache;771
Sketching;771
Airbrushing;771
Renaissance Faire;771
Home Repair;771
Painting;772
Scuba Diving;772
Bridge Building;772
Collecting;774
Amateur Astronomy;774
Internet;774
Traveling;774
Astronomy;775
Dodgeball;775
Locksport;775
Crochet;775
Garage Saleing;775
R/C Cars;775
Locksport;775
Tea Tasting;776
Watching sporting events;776
Belly Dancing;776
Robotics;776
Crafts;776
Juggling;776
Reading;776
Garage Saleing;776
Jigsaw Puzzles;776
Protesting;776
Scuba Diving;776
Scrapbooking;777
Keep A Journal;777
Glowsticking;777
Origami;777
Collecting Hats;777
Amateur Astronomy;777
Lawn Darts;777
Gun Collecting;777
Locksport;777
BoardGames;777
Collecting Antiques;777
Working In A Food Pantry;778
Renting movies;778
Listening to music;778
Jewelry Making;779
Jump Roping;779
TV watching;779
Shopping;779
Embroidery;779
Violin;779
Snowboarding;779
Taxidermy;780
Bowling;780
Frisbee Golf – Frolf;780
Dodgeball;780
R/C Planes;780
Microscopy;780
Saltwater Aquariums;780
Fencing;780
Casino Gambling;781
Writing;781
Playing team sports;781
Rockets;781
Body Building;781
Cartooning;781
Meditation;782
Jump Roping;782
Sand Castles;782
Jigsaw Puzzles;782
Airbrushing;782
Digital Photography;782
Aircraft Spotting;782
Drawing;782
Relaxing;782
Modeling Ships;783
Aeromodeling;783
Kitchen Chemistry;783
Railfans;783
Survival;783
Storm Chasing;783
Meditation;783
Writing Music;783
Cooking;783
Gyotaku;783
Puppetry;783
Running;784
Shopping;784
R/C Boats;784
Entertaining;784
Rapping;784
Collecting RPM Records;784
Marksmanship;784
Building A House For Habitat For Humanity;784
Gun Collecting;784
Papermache;784
Falconry;785
Needlepoint;785
Dodgeball;785
Four Wheeling;785
Running;785
Bicycle Polo;786
Go Kart Racing;787
Jewelry Making;787
Treasure Hunting;787
Snowboarding;787
Dodgeball;787
Tool Collecting;787
Rapping;787
Golf;787
Ceramics;787
Mountain Biking;787
Gnoming;787
Owning An Antique Car;788
Textiles;788
Volunteer;788
Rock Collecting;788
Embroidery;789
R/C Cars;789
Guitar;789
Relaxing;789
Horse riding;789
People Watching;789
Hunting;789
Survival;791
Tea Tasting;791
Handwriting Analysis;791
Storytelling;791
Home Repair;791
Woodworking;792
Becoming A Child Advocate;792
Bicycle Polo;792
Surf Fishing;792
Puppetry;792
Crossword Puzzles;794
Tennis;794
Blogging;794
Playing music;794
Papermache;795
Blacksmithing;795
Bell Ringing;796
Body Building;796
Spelunkering;796
Motorcycles;796
Kitchen Chemistry;796
Ziplining;797
Hula Hooping;797
Church/church activities;797
Learn to Play Poker;797
Airbrushing;797
Car Racing;797
Writing Music;797
Swimming;797
Collecting Artwork;797
Locksport;797
Saltwater Aquariums;798
Singing In Choir;798
Inventing;798
Train Spotting;800
Train Collecting;800
Archery;800
Cake Decorating;800
Jet Engines;800
R/C Planes;800
Cave Diving;802
Owning An Antique Car;802
Freshwater Aquariums;802
Train Collecting;803
Ceramics;803
Robotics;803
Playing team sports;803
Singing In Choir;803
Storytelling;803
Slot Car Racing;803
Canoeing;804
Needlepoint;804
Casino Gambling;804
Singing In Choir;804
Lasers;804
Internet;804
Collecting Antiques;805
Pinochle;805
Geocaching;805
Texting;805
Casino Gambling;805
Snowboarding;805
Belly Dancing;805
Bicycling;805
Working In A Food Pantry;805
Protesting;805
Wine Making;805
Musical Instruments;806
Pipe Smoking;806
Weather Watcher;806
Floral Arrangements;806
Locksport;806
Model Railroading;807
Bookbinding;807
Tesla Coils;807
Darts;808
Sky Diving;808
Casino Gambling;808
Paragliding or Power Paragliding;808
Wingsuit Flying;808
Speed Cubing (rubix cube);808
Fishing;808
Crafts;808
Collecting Artwork;808
Guitar;808
Crocheting;810
Racing Pigeons;810
Bicycling;810
Urban Exploration;810
Camping;810
Matchstick Modeling;811
Sketching;811
Pipe Smoking;811
Model Railroading;811
Reading;811
Hula Hooping;811
Basketball;811
Inventing;811
Quilting;811
Ghost Hunting;812
Zumba;812
Learning A Foreign Language;812
Badminton;812
Powerboking;812
Origami;812
Coin Collecting;812
Papermache;812
Rockets;813
Kites;813
Dolls;813
Watching sporting events;814
Zumba;814
Badminton;814
Zumba;814
Tea Tasting;814
Felting;814
Storytelling;814
Blacksmithing;814
Weightlifting;814
Inventing;815
R/C Helicopters;815
Taxidermy;815
Playing music;815
Sleeping;815
Tesla Coils;816
Hot air ballooning;816
Sand Castles;816
TV watching;816
Cartooning;816
Motorcycles;816
Singing In Choir;816
Texting;817
Skiing;818
Train Collecting;818
Camping;818
Soap Making;818
Airsofting;819
Collecting Sports Cards (Baseball, Football, Basketball, Hockey);819
Ziplining;819
Inventing;819
Snowboarding;819
BoardGames;819
Textiles;819
Writing;820
Paintball;820
Exercise (aerobics, weights);821
Storytelling;821
Walking;823
Aircraft Spotting;823
Eating out;823
Speed Cubing (rubix cube);824
Floral Arrangements;824
BMX;825
Parachuting;825
Papermache;825
Working In A Food Pantry;825
Blogging;825
Racing Pigeons;826
Amateur Astronomy;826
Crossword Puzzles;826
Kite Boarding;826
Textiles;826
Planking;826
Textiles;826
Hunting;826
Papermache;826
Train Spotting;826
Juggling;826
Coloring;828
R/C Boats;828
Modeling Ships;828
Beach/Sun tanning;828
Building A House For Habitat For Humanity;828
Robotics;828
Home Brewing;828
Model Railroading;828
Chess;828
Slingshots;828
Planking;829
Railfans;829
Crafts;829
Bridge Building;829
Zumba;829
Leathercrafting;829
Bicycling;829
Urban Exploration;829
Garage Saleing;829
Garage Saleing;829
Eating out;830
Dolls;830
Casino Gambling;830
Motorcycles;830
Crafts;830
Pipe Smoking;830
Hang gliding;831
Collecting Antiques;831
Brewing Beer;831
Genealogy;831
Needlepoint;831
Airbrushing;831
Surfing;831
Urban Exploration;831
Lawn Darts;833
Knotting;833
Surf Fishing;833
Reading To The Elderly;833
Aeromodeling;833
Building Dollhouses;833
Illusion;834
Protesting;834
Cartooning;834
Car Racing;835
Boating;835
Storm Chasing;835
Sky Diving;835
Slot Car Racing;836
Hula Hooping;836
Model Railroading;836
Fire Poi;836
Dominoes;836
Spending time with family/kids;836
Rockets;839
Inventing;839
Spelunkering;839
Writing;839
Robotics;839
Texting;839
Windsurfing;840
Ultimate Frisbee;840
Boating;841
Parkour;841
Jet Engines;841
Herping;842
Model Railroading;842
Dodgeball;842
Traveling;842
Collecting RPM Records;842
Gymnastics;842
Railfans;842
Gnoming;842
Inventing;843
Bird watching;843
Ghost Hunting;843
Home Repair;843
Writing Music;843
Warhammer;843
Crochet;844
Illusion;844
Weather Watcher;844
Astronomy;845
Keep A Journal;845
Rockets;845
Sky Diving;845
Martial Arts;846
Magic;846
Swimming;846
Illusion;847
Self Defense;847
Renting movies;847
Tool Collecting;847
BMX;847
Cake Decorating;847
Crafts;847
Magic;848
Body Building;848
Electronics;848
Floorball;848
Handwriting Analysis;848
Ceramics;848
Dolls;848
Hang gliding;848
Musical Instruments;848
Aeromodeling;848
Writing Songs;849
Exercise (aerobics, weights);849
Kite Boarding;849
Tetris;849
Base Jumping;849
Rockets;850
Toy Collecting;850
Butterfly Watching;850
Horse riding;850
Writing Music;850
Writing;850
World Record Breaking;850
Falconry;850
Beachcombing;850
Speed Cubing (rubix cube);850
Puppetry;851
Storytelling;851
Trekkie;851
Guitar;851
Beadwork;851
Storm Chasing;852
Felting;852
Cross-Stitch;853
Sand Castles;853
Tetris;853
Pottery;853
R/C Planes;854
Grip Strength;854
Home Brewing;854
Tutoring Children;854
Storm Chasing;854
Impersonations;854
Going to movies;855
Coin Collecting;855
Woodworking;855
Storm Chasing;855
Painting;855
Textiles;855
R/C Planes;855
Butterfly Watching;855
Skiing;855
Powerboking;855
Astrology;855
Collecting Artwork;856
Garage Saleing;856
Tatting;856
Cooking;856
Rockets;856
Dolls;856
Football;856
Slingshots;856
Rock Collecting;856
Tennis;856
Casino Gambling;856
Cartooning;857
Tesla Coils;857
Backgammon;857
Papermaking;857
Pyrotechnics;857
Bicycle Polo;857
Tombstone Rubbing;858
Go Kart Racing;858
Shopping;858
Treasure Hunting;858
Compose Music;858
Conworlding;858
Cake Decorating;858
Jigsaw Puzzles;858
Train Collecting;858
Reading;859
Metal Detecting;859
Papermaking;859
World Record Breaking;859
World Record Breaking;859
Jewelry Making;859
Rescuing Abused Or Abandoned Animals;859
Roleplaying;859
Tesla Coils;859
Writing Music;860
Working In A Food Pantry;860
Lasers;860
Blogging;860
Badminton;860
Aircraft Spotting;860
Running;860
Running;860
R/C Planes;861
Slingshots;862
Robotics;862
Train Spotting;862
Playing team sports;863
Playing music;863
Protesting;863
Skeet Shooting;864
Amateur Astronomy;864
Games;864
Knitting;864
Building A House For Habitat For Humanity;864
Diecast Collectibles;864
Backgammon;864
Floorball;864
Powerboking;864
Compose Music;865
Reading To The Elderly;865
Crafts;865
Model Railroading;865
Wingsuit Flying;865
Shark Fishing;865
Canoeing;865
Cartooning;866
Golf;867
Making Model Cars;867
Collecting Sports Cards (Baseball, Football, Basketball, Hockey);867
Kayaking;867
Embroidery;867
Jigsaw Puzzles;867
Amateur Astronomy;869
Piano;869
Snowboarding;869
Wrestling;869
Genealogy;869
Ghost Hunting;869
Astronomy;870
Photography;870
Collecting Antiques;870
Animals/pets/dogs;870
Taxidermy;870
Trekkie;870
Weightlifting;871
Dancing;871
Wingsuit Flying;871
Dolls;871
Spelunkering;871
Legos;871
Protesting;872
Diecast Collectibles;872
Woodworking;872
Leathercrafting;872
Badminton;872
Frisbee Golf – Frolf;872
Warhammer;872
Speed Cubing (rubix cube);872
Learning A Foreign Language;872
Urban Exploration;873
Knotting;873
Sleeping;873
Yoga;873
Macramé;873
Compose Music;873
Cheerleading;873
Collecting RPM Records;873
Aquarium (Freshwater & Saltwater);875
Gyotaku;876
Rafting;876
Animals/pets/dogs;876
Diecast Collectibles;876
Fly Tying;876
Shark Fishing;876
Educational Courses;876
Models;876
Conworlding;876
Felting;877
Sand Castles;877
Herping;877
Playing music;877
Models;877
Body Building;877
Collecting Artwork;877
Urban Exploration;877
Geocaching;877
Pinochle;877
Listening to music;878
Embroidery;878
Cheerleading;878
Hot air ballooning;878
Collecting Antiques;878
Coloring;878
Herping;878
Astrology;879
Rock Balancing;879
Video Games;879
Collecting Music Albums;879
Entertaining;879
Bird watching;879
Listening to music;879
Badminton;879
Going to movies;879
Crocheting;880
Traveling;880
Surf Fishing;880
Tennis;881
Gnoming;881
Scuba Diving;881
Floral Arrangements;881
Railfans;881
Ceramics;881
Snowboarding;881
Windsurfing;882
Cloud Watching;882
Macramé;882
Dolls;883
Astronomy;883
Bicycle Polo;884
R/C Helicopters;884
Cave Diving;884
Learning To Pilot A Plane;884
Woodworking;884
Beachcombing;884
Yoga;885
Juggling;886
Ceramics;886
Railfans;886
Beatboxing;887
Boating;887
Wine Making;887
Base Jumping;888
Textiles;888
R/C Planes;888
Needlepoint;888
Gunsmithing;888
Woodworking;889
Crocheting;889
Powerboking;889
Digital Photography;889
Lawn Darts;889
Dodgeball;889
Boomerangs;889
Martial Arts;889
Sand Castles;889
Working In A Food Pantry;889
Butterfly Watching;890
YoYo;890
Airbrushing;890
Tatting;890
Painting;890
Collecting Music Albums;890
Rockets;890
Taxidermy;890
Baseball;891
Learn to Play Poker;891
Running;891
Train Spotting;891
People Watching;891
Paintball;891
Brewing Beer;892
Keep A Journal;892
Aquarium (Freshwater & Saltwater);892
Locksport;893
Animals/pets/dogs;893
BMX;893
Tombstone Rubbing;893
Going to movies;893
R/C Boats;893
Locksport;893
Metal Detecting;893
Puppetry;893
String Figures;893
Knotting;893
Rock Collecting;894
Jigsaw Puzzles;894
Body Building;894
Body Building;894
Casino Gambling;894
Arts;894
Tool Collecting;894
Aquarium (Freshwater & Saltwater);894
Rafting;894
Frisbee Golf – Frolf;894
Metal Detecting;894
Speed Cubing (rubix cube);895
Storm Chasing;895
Trekkie;895
Home Theater;895
Badminton;895
Modeling Ships;895
Playing music;895
Home Theater;895
Educational Courses;895
Bowling;895
Illusion;895
Sketching;896
Traveling;896
Lacrosse;896
Arts;896
Backgammon;896
Becoming A Child Advocate;896
Writing Music;896
Cave Diving;896
Guitar;898
Crochet;898
Cross-Stitch;898
Gnoming;898
Surf Fishing;898
Shark Fishing;898
Gymnastics;898
Photography;898
Bonsai Tree;899
Kites;899
Macramé;899
Knitting;899
Educational Courses;900
Watching sporting events;900
R/C Cars;900
Belly Dancing;900
BMX;900
Entertaining;900
Learning An Instrument;900
Amateur Astronomy;901
Model Rockets;901
Coin Collecting;901
Aeromodeling;901
Locksport;901
Brewing Beer;901
Volunteer;901
Dolls;901
Grip Strength;901
Walking;901
Matchstick Modeling;901
Handwriting Analysis;902
Gnoming;902
Collecting Swords;902
Falconry;902
Making Model Cars;904
Skateboarding;904
Going to movies;904
Fast cars;905
Inventing;905
Parkour;905
Socializing with friends/neighbors;905
Grip Strength;905
BMX;905
Pinochle;905
Four Wheeling;906
Treasure Hunting;906
Skeet Shooting;906
Collecting Antiques;906
Leathercrafting;906
Rapping;906
Cosplay;906
Working on cars;906
Blacksmithing;906
Wine Making;907
Crafts (unspecified);907
Slingshots;907
Storm Chasing;907
Astronomy;908
Impersonations;908
Skiing;908
Home Theater;908
Piano;909
Felting;909
Coin Collecting;909
Beadwork;909
Beachcombing;909
Windsurfing;909
Go Kart Racing;909
Making Model Cars;909
Trekkie;909
Taxidermy;909
Blacksmithing;911
Protesting;911
Dancing;912
Surf Fishing;912
Lasers;912
Keep A Journal;912
Spelunkering;912
Handwriting Analysis;912
Rescuing Abused Or Abandoned Animals;912
Parkour;912
Dancing;912
Arts;913
Working In A Food Pantry;913
Floral Arrangements;913
Photography;913
Grip Strength;913
Gnoming;913
Compose Music;913
Paintball;913
Racing Pigeons;914
Jet Engines;916
Letterboxing;916
Crocheting;916
Gunsmithing;916
Working on cars;916
Rescuing Abused Or Abandoned Animals;916
Tutoring Children;916
Sewing;916
Bringing Food To The Disabled;916
Running;916
Making Model Cars;917
Cave Diving;917
Keep A Journal;917
Musical Instruments;917
Church/church activities;917
Learning An Instrument;917
Models;917
Butterfly Watching;917
Dominoes;918
Slot Car Racing;918
Brewing Beer;918
Internet;918
Reading To The Elderly;918
Sky Diving;918
Piano;918
Marksmanship;919
Embroidery;919
Hula Hooping;919
Mountain Biking;919
Singing In Choir;919
Freshwater Aquariums;919
Mountain Biking;919
Kitchen Chemistry;919
Gardening;919
Socializing with friends/neighbors;919
Tombstone Rubbing;919
Diecast Collectibles;920
Warhammer;920
Quilting;920
Games;920
Zumba;920
Rescuing Abused Or Abandoned Animals;921
Bicycle Polo;921
Racing Pigeons;921
Fire Poi;922
Tea Tasting;922
Conworlding;923
Jigsaw Puzzles;923
Weather Watcher;923
Coin Collecting;923
Wine Making;923
Archery;923
Fishing;923
Zumba;923
Storm Chasing;923
Beachcombing;923
Freshwater Aquariums;923
Cave Diving;924
Writing Music;925
Juggling;926
Singing In Choir;926
Games;926
Cartooning;926
Dancing;927
Building A House For Habitat For Humanity;927
Playing music;927
Blogging;927
Crochet;928
Belly Dancing;928
Hunting;928
Trekkie;929
Collecting Antiques;929
Blacksmithing;929
Kites;929
Dolls;930
Frisbee Golf – Frolf;930
Collecting;930
Making Model Cars;931
Building Dollhouses;931
Scuba Diving;931
Butterfly Watching;931
Golf;933
Badminton;933
Skateboarding;933
Keep A Journal;933
Wingsuit Flying;933
Calligraphy;933
Archery;933
Learning A Foreign Language;934
Saltwater Aquariums;934
Ceramics;934
Herping;934
Games;934
Pinochle;934
Wine Making;934
Falconry;935
Blacksmithing;936
Arts;936
Self Defense;936
Meditation;936
Floorball;936
Conworlding;936
Ghost Hunting;936
BMX;937
Handwriting Analysis;937
Model Railroading;937
Sky Diving;938
Felting;938
Swimming;938
Chess;938
Cloud Watching;938
Keep A Journal;938
Slack Lining;938
Diecast Collectibles;938
Walking;940
Rockets;940
Learning A Foreign Language;941
Go Kart Racing;941
Base Jumping;941
Bridge Building;941
Rock Collecting;941
Spelunkering;941
Mountain Biking;941
Treasure Hunting;942
Renaissance Faire;942
Tesla Coils;942
Modeling Ships;942
Socializing with friends/neighbors;942
Textiles;942
Crafts (unspecified);943
Model Rockets;943
Wine Making;943
Bird watching;943
Origami;943
Needlepoint;943
Floorball;943
Entertaining;944
Grip Strength;945
Bell Ringing;946
Jewelry Making;946
Motorcycles;946
Badminton;946
Exercise (aerobics, weights);946
Treasure Hunting;946
Entertaining;946
R/C Helicopters;946
Spelunkering;946
Hot air ballooning;948
Slot Car Racing;948
Renaissance Faire;948
Fire Poi;948
Arts;948
Airbrushing;949
Pottery;949
Floorball;949
Guitar;949
Slingshots;949
Cartooning;950
R/C Planes;950
Collecting Artwork;950
Four Wheeling;952
Geocaching;952
Scuba Diving;952
Spelunkering;953
Surfing;953
Railfans;953
Renaissance Faire;953
Birding;953
Pinochle;953
Stamp Collecting;955
Metal Detecting;955
Button Collecting;955
Musical Instruments;955
Mountain Biking;955
Bookbinding;955
R/C Helicopters;955
Letterboxing;956
Mountain Climbing;956
Gyotaku;956
Bicycling;956
Body Building;956
Powerboking;956
Home Brewing;956
Shopping;956
Soccer;956
Button Collecting;956
World Record Breaking;957
Puppetry;957
Rafting;957
Snorkeling;957
Wine Making;957
Crafts (unspecified);957
Church/church activities;958
Collecting Antiques;959
Acting;959
Matchstick Modeling;959
Yoga;959
Writing Songs;959
Origami;959
Writing;959
Diecast Collectibles;959
Badminton;959
Tombstone Rubbing;959
Cheerleading;960
Dolls;960
Car Racing;960
Bicycle Polo;960
YoYo;960
Impersonations;960
Crossword Puzzles;960
Four Wheeling;960
Casino Gambling;960
Home Repair;961
String Figures;961
Cake Decorating;961
Stamp Collecting;961
Origami;961
Pottery;961
Crafts (unspecified);962
Weather Watcher;962
Stamp Collecting;962
Woodworking;962
Tennis;963
Macramé;963
Conworlding;963
Calligraphy;963
Stamp Collecting;963
Bringing Food To The Disabled;964
Beatboxing;964
BoardGames;964
R/C Cars;964
Hula Hooping;964
Cosplay;964
Golf;964
Dodgeball;965
Exercise (aerobics, weights);965
Playing team sports;965
Parachuting;965
Juggling;966
Internet;966
Church/church activities;966
Cigar Smoking;966
Boomerangs;966
Scrapbooking;966
Fencing;966
Quilting;967
Skeet Shooting;967
Gymnastics;967
Football;967
Metal Detecting;967
Cross-Stitch;967
Stamp Collecting;967
Badminton;967
Internet;967
Pinochle;967
R/C Cars;967
Learning To Pilot A Plane;968
Cloud Watching;968
Traveling;968
Impersonations;968
Felting;968
Rescuing Abused Or Abandoned Animals;968
Exercise (aerobics, weights);968
Tatting;969
Hiking;969
String Figures;969
Chess;969
Spelunkering;969
Dancing;969
Church/church activities;969
Rescuing Abused Or Abandoned Animals;969
Reading To The Elderly;969
Bonsai Tree;969
Cartooning;970
Treasure Hunting;970
Scrapbooking;970
Scuba Diving;970
Matchstick Modeling;971
Pole Dancing;971
Tennis;971
Taxidermy;971
Cooking;971
Crocheting;971
Crochet;971
Watching sporting events;971
Sleeping;971
People Watching;971
Boomerangs;972
Knitting;972
Puppetry;972
Embroidery;972
Dolls;972
Brewing Beer;972
Beachcombing;973
Cosplay;973
Hula Hooping;973
Compose Music;973
Tennis;973
Bell Ringing;973
Glowsticking;974
Photography;974
Home Brewing;974
Aircraft Spotting;974
Spending time with family/kids;974
Paintball;974
Bell Ringing;974
Texting;974
BoardGames;974
Urban Exploration;975
Juggling;975
Running;975
Snowboarding;976
Texting;976
Toy Collecting;976
Swimming;976
Garage Saleing;976
Genealogy;976
Listening to music;976
Taxidermy;976
Bicycle Polo;976
Fencing;977
Tutoring Children;977
Frisbee Golf – Frolf;978
Cheerleading;979
Sky Diving;981
Survival;981
Parachuting;981
Illusion;981
Violin;981
Boating;981
Walking;981
Making Model Cars;981
Writing Music;981
Windsurfing;982
Cheerleading;982
Gymnastics;983
Cosplay;983
Parkour;983
Crafts;983
Kayaking;983
Tool Collecting;983
Cave Diving;984
Arts;984
Bell Ringing;984
Meditation;984
Swimming;984
Marksmanship;984
Garage Saleing;984
Skiing;984
Amateur Radio;986
Jewelry Making;986
Painting;986
Survival;986
Butterfly Watching;986
Amateur Radio;986
Walking;986
Storm Chasing;986
Airbrushing;986
Archery;986
Model Railroading;986
Collecting Artwork;987
Quilting;987
Textiles;987
Collecting Artwork;987
Brewing Beer;987
Bridge Building;987
Hunting;987
Fly Tying;987
Dominoes;988
Illusion;988
Canoeing;989
Shark Fishing;989
Becoming A Child Advocate;990
Badminton;990
Pinochle;990
Cigar Smoking;990
Cross-Stitch;990
Sketching;990
Brewing Beer;990
Freshwater Aquariums;990
Airbrushing;992
Church/church activities;992
Slack Lining;992
Cross-Stitch;992
Cake Decorating;992
Tesla Coils;992
Parachuting;992
Skateboarding;992
Frisbee Golf – Frolf;992
Building Dollhouses;992
Playing team sports;993
Train Collecting;993
Iceskating;993
Writing;993
Pole Dancing;993
Astrology;993
Modeling Ships;993
Birding;993
Fishing;993
Microscopy;995
Hula Hooping;995
Fly Tying;995
Games;995
Reading To The Elderly;995
Bird watching;995
Tatting;995
Crossword Puzzles;996
Aquarium (Freshwater & Saltwater);996
Fire Poi;996
